"HD_248"	"HD_258"	"HD_277"	"HD_279"	"HD_281"	"HD_283"	"HD_320"	"HD_324"	"HD_247"	"BTI_V51"	"BTI_V53"	"BTI_V21"	"BTI_V34"	"BTI_V57"	"BTI_V67"	"BTI_V68"	"BTI_V69"	"BTI_V71"	"BTI_V45"	"BTI_V48"	"BTI_V54"	"BTI_V56"	"BTI_V64"	"BTI_V70"	"BTI_VII18"	"BTI_VII42"	"BTI_VII16"	"BTI_VII17"	"BTI_VII20"	"BTI_VII48"	"BTI_VII53"	"BTI_VII64"	"BTI_VII11"	"BTI_VII24"	"BTI_VII44"	"BTI_VII47"	"BTI_VII56"	"BTI_VII60"
"c25_CD8-GNLY-GZMK"	1.45938031161499	1.43902367935864	1.57548227834584	1.55079162084326	1.60468314574118	1.39510043511843	2.13425125047959	1.57538698740138	1.60054056763426	1.55294466079541	1.4324688061624	1.60388205588988	1.55425840379497	1.50310777031028	1.57984219060043	1.39465535967042	1.59341258642435	1.54154799259759	1.49727738610541	1.48303912647503	1.56319578274753	1.44501048746408	1.6080591397785	1.59209403073484	1.55287929680558	1.45062927156261	1.73996591747651	1.73820180075423	1.34860244938095	1.3634142487031	1.50553493915778	1.51621671964562	1.41638292453246	1.54342844343609	1.44113634207052	1.553595198789	1.50034662414171	1.55319314091115
"c15_CD4_Tn-CCR7"	0	0.212252867920608	0	0	0.013639553726333	0.15440499844399	0	0	0.0454207362656624	0.734292221392125	0	0.21541170498954	0	0.525558180521404	0.219788576005829	0	0.481725999283118	0.551982624119977	0.356620881164216	0.243345461665698	0	0	0.674124707870143	0.327198931657354	0.119387571410871	0.397992792738431	0.131294017788403	0.898836251825387	0	0	0.480453122223952	0.130626270801785	0	0.416008295400512	0	0.240021467110715	0.390015603761867	0.538100828690698
"c22_CD8_Tn-CCR7"	0.336617540256101	0.582429649633216	0.218473768254201	0.387566892089245	0.481037703489636	0.50681257421022	0.156522309762916	0.229172813282043	0.503946789179051	1.03551659871376	0.21512803682189	0.641171307865663	0.0100539265765201	0.863821034570329	0.611726107061922	0.239758405565976	0.839401537576146	0.875467250923144	0.686762957830128	0.612486261862413	0.3918264942825	0.278001551612884	1.01059219334362	0.727747965427088	0.531301737183805	0.704554321987994	0.579833573524982	1.23682636294535	0.320530833582917	0.355981313794067	0.824591470139157	0.532730316409754	0.214022088603836	0.786276813838036	0.347645814474153	0.633605569081441	0.69832420347232	0.866696275747736
"c05_Na誰ve B-TCLA1"	1.00848627503211	1.15219581788865	0.982525468949577	1.17228116712191	1.11261463960431	1.04979827504699	1.17125093818898	1.10548429212166	1.18580864287715	1.24576812470027	1.06997518207022	1.17703513776805	1.06454878277499	1.29176931701829	1.17515332263888	1.09059730897995	1.30917031620671	1.28956236370681	1.22816267838861	1.03265097570142	1.07434885477189	1.08281055858364	1.38418270011785	1.29168589993796	1.23113306386632	1.13573897536284	1.22579443664212	1.40348854805559	1.01918359792031	1.10319415504988	1.18913562066734	1.12179337660357	0.991603307687407	1.17449656478171	1.04229086450954	1.17168561356646	1.0974310468477	1.22675476398634
"c68_Platelet"	3.04331250756162	2.63747718907052	2.82739898627774	2.38446750575106	2.63044593926229	2.95583612448213	1.77173875879635	2.64797883781392	2.4048693079778	2.10774751615586	2.83805810428229	2.35606272583521	2.63904791221557	2.23507516911019	2.38380315915692	2.89872320495056	2.15907352495938	2.19619965094243	2.19529964114511	3.08173282337227	2.70304996042179	2.67113475394164	1.78196956423294	2.57545605881176	1.98155476465032	2.99948399876106	1.98447787558135	1.32750343832455	3.27078185245737	3.02337046235172	2.51864275956566	2.69116203631055	2.94038644938372	2.43527354659074	2.79094581886828	2.52276063797942	2.91032887341682	2.42919864897531
"c69_Platelet/T cells"	0.611037023814413	0.717632273974984	0.423765147543771	0.554414317615028	0.626808369107364	0.731762162839217	0.16398264482204	0.45543064615238	0.607129896316596	1.02962171013602	0.525540646645291	0.697585590039067	0.323273543792038	0.866825280357109	0.712738314525983	0.526589708761726	0.86328230102049	0.904401778126822	0.812578364613908	0.764335751033848	0.66530569326583	0.540899504337445	0.950587032465222	0.77606998106858	0.623345864715237	0.903796215726269	0.685108497800072	1.04931554659211	0.575936056565667	0.598629066822119	0.866068732990371	0.676423401600525	0.548242343951991	0.839448917175796	0.627520279115698	0.736620379974758	0.908956417311842	0.924816565103733
"c18_CD4_Th1 like-TBX21-GZMB"	0.923784273292154	0.900550791028724	0.700697783580583	0.803158318469848	0.884840965257041	0.971467338457142	0.487161129666198	0.768533753374282	0.81675269119108	1.12665676672054	0.819921226698188	0.847769655171703	0.666821993289795	0.929435603528302	0.878583060224457	0.796315680890339	0.973889031745808	0.988861360800395	0.984478859483123	0.920777871162973	0.993018856198892	0.805397992602342	0.998072370135049	0.883238350270426	0.793248316403628	1.11772904152213	0.916088869230253	1.0433391959511	0.775900052302378	0.803533402160819	0.960698136009482	0.867254440192293	0.867871979826083	0.980706757752103	0.907095495687043	0.897341244406507	1.13934462267024	1.0552045245459
"c09_Memory B-IgMG"	0.924516433244032	1.06618834160482	0.891782340173433	1.0678984841422	1.02422095081486	0.972868482765527	0.985964029743641	1.00690734127179	1.09606965752821	1.19790421684692	0.973267581091323	1.09339742502496	0.955655483717704	1.20911624701942	1.0934388790064	0.988843512172893	1.23500271281804	1.22052474843691	1.16849120510196	0.96997205990168	0.996161961862702	0.992113842598512	1.3127396363514	1.20021885105194	1.14604507240822	1.07911303111353	1.14986895036496	1.36026444452104	0.927516031155627	1.01238409837761	1.11314659072751	1.04971459057108	0.907890439306586	1.1005904148585	0.965808174077601	1.08727611572453	1.05813979739413	1.16505461453076
"c43_NK-FCGR3A"	1.52835057723943	1.33037586769295	1.29243937886854	1.3241726654523	1.44068526036072	1.45988361022056	1.16478813151782	1.37405115225728	1.28309079250058	1.42293776969588	1.40366262847065	1.26485202238433	1.26359851134435	1.22177753505857	1.29282727660004	1.36918335717219	1.32141920345944	1.28254780618066	1.37812507300139	1.36246507011604	1.57009805210755	1.3505980707982	1.26037368850901	1.26644222579071	1.22327308848798	1.54114983527944	1.42281471812568	1.24398260064365	1.27603446071247	1.31852116519863	1.30953190841652	1.36044525588519	1.51765442244534	1.40419334640916	1.47874272895333	1.31796288478644	1.60029370776843	1.42132355806025
"c27_CD8-GNLY-GZMB-CX3CR1"	1.47085087347463	1.33351700856821	1.22419752892185	1.27353062436591	1.40963041573091	1.43729223918954	1.11500739537297	1.28394772860989	1.27361431044903	1.47510166067484	1.30906154268559	1.25584217778118	1.1499761641063	1.2677656566771	1.27748130145862	1.28467138653264	1.33690708696493	1.31176440763234	1.36197970862164	1.35693844878701	1.48896746183988	1.27487959174248	1.31175206122946	1.27518424320819	1.20218876463548	1.54276925335756	1.37597480550823	1.32767483941144	1.22254153152094	1.26043002305964	1.33691487979858	1.31863445018428	1.39569946195045	1.4124749280795	1.38545868796103	1.30818372691764	1.57531564060214	1.43909441430653
"c19_CD4_Th1 like-CXCR3-GZMK"	0.572138631936586	0.71761915639661	0.421906544002582	0.5659006283188	0.629094088727986	0.706281522029613	0.275501582442307	0.435261979577553	0.630682565789775	1.08951798058335	0.533661226167921	0.751410741595325	0.323009478517147	0.931480594237447	0.764514900963932	0.526528202972823	0.941696672944605	0.984601490346786	0.871156343402308	0.786076464553429	0.683719849298224	0.570199479556895	1.06582803303645	0.841851136791463	0.700852957683944	0.892417365184805	0.769814899781655	1.17751970913614	0.554736527501448	0.593706419143675	0.901977627980759	0.672372385088173	0.529858681101416	0.876218689184974	0.61348083549501	0.764935455070152	0.910975264027722	0.96769280390725
"c34_gdT"	1.10835515180467	1.09775108325342	0.924846889928307	1.01441314555395	1.10432159065835	1.14302948755433	0.824606981670982	0.962932600713481	1.04175045324331	1.35335564698048	1.01657173820405	1.09972504857288	0.856654752234705	1.17122780764491	1.10612967069592	0.996888742480793	1.22166027423132	1.23216048944436	1.21013652942618	1.15826981529109	1.19676664111448	1.0234285021664	1.27177649838624	1.14338896517217	1.0493036878065	1.29545718829803	1.19278286531133	1.34419037192072	0.971753686017387	1.02187721944339	1.1924237824327	1.08825234269034	1.06450104606919	1.21902461960081	1.0951135408721	1.1233463411425	1.32819322581383	1.28581677590121
"c17_CD4_Tfh like-CXCR5-GPR183"	0.079880843336219	0.323445154815706	0	0.0730210950305819	0.142174176219535	0.2892703946276	0	0	0.162503709700157	0.798345069599431	0	0.311455776621934	0	0.596310826317887	0.332163243795399	0.00350902565067383	0.569670795990529	0.635670689333193	0.470828276434742	0.36122783953762	0.151326419555132	0.0353029987668645	0.736338712188493	0.425097102012636	0.235363139383171	0.526055011941811	0.254371555174989	0.908581991897657	0.0936153011300046	0.127384856123199	0.563591992657984	0.247508429720703	0	0.506250655063702	0.131629932448999	0.349726244961783	0.522219371579539	0.620363972582747
"c10_Memory B-IgAG"	0.849922475007653	1.00569445903614	0.796498750576359	0.971691611409949	0.947856191723406	0.923826397916036	0.803243983322863	0.903858032386324	1.00860912716702	1.16948689988898	0.8769888375314	1.01606380088068	0.823360080412067	1.15259885478499	1.01570292660131	0.896535230636114	1.16800308870631	1.1598312354357	1.1004715959871	0.913783683665856	0.908558841431274	0.892164544214119	1.24891957650917	1.1195337525401	1.05760080923326	1.03800873864209	1.05136816343689	1.3153129012085	0.855971658968102	0.935066022404743	1.07278334238075	0.986526662698101	0.82601472986923	1.04980999566182	0.898280861163518	1.01931261503174	1.01791916546201	1.11660756865089
"c35_MAIT"	0.932862408489604	1.02287880604914	0.841453348873907	0.94793111428965	1.01379350709103	1.01950102283911	0.851296192048377	0.842241364337207	0.993596395483352	1.36966161355846	0.912392901106612	1.1249235660255	0.742737660246542	1.22307936143248	1.11245137064236	0.911305458935703	1.26813080661426	1.29163335210954	1.18962931135247	1.14457761118086	1.08073403300904	0.963007519824807	1.38079108103187	1.19664678351081	1.06299629139197	1.19656092198893	1.17737116937577	1.48063496857581	0.90260083079723	0.964785312966897	1.20973801537955	1.02700700528243	0.933001643095357	1.20596580759218	0.99500730025181	1.11081377729854	1.23622570458607	1.2852727258601
"c20_CD4_Th2 like-CCR4-GATA3"	0.342537429172214	0.549744935343047	0.0813338406216951	0.30029111687011	0.363761828671893	0.550312706428368	0	0.125642790105168	0.365663749407072	0.995924310989227	0.26275708008798	0.501690856521279	0	0.79052065574011	0.543911276087333	0.270291520397089	0.763891513942907	0.833077898244364	0.694236356910268	0.581254037258308	0.412666399025542	0.292773554252549	0.907388566071865	0.617072530923349	0.445956608766288	0.781702611925524	0.456611365218166	1.03319962681362	0.346422306614393	0.381442243091941	0.768723643767668	0.464840452222006	0.280505523037254	0.714574500604312	0.401074145179889	0.562405190247472	0.772635379918595	0.8296183457861
"c29_CD8-GNLY-GZMH"	1.08096886344974	1.03565788718677	0.915207296216262	0.994951186116695	1.06887427265283	1.09487598770534	0.877450287603132	0.978193275663208	1.00896624168055	1.23826628832928	0.988159700968352	1.03261225239637	0.8957204102851	1.06778922560605	1.04622747738453	0.960677736095883	1.12887640038908	1.12685729832906	1.12344408167544	1.06497204752235	1.1725130204938	0.985925267009827	1.14554693117988	1.05709750867784	0.980249644631993	1.21948946120153	1.14177754608249	1.21335002339035	0.925098822959757	0.959075336931758	1.09597263099668	1.0353730544955	1.0332623210938	1.12639688935466	1.06227521837337	1.06774874550658	1.25150681873928	1.19093014900349
"c39_NK-CD3-GZMB-CX3CR1"	1.55426829906677	1.34611195272779	1.22967486418462	1.28641977116027	1.42097728675432	1.50177808694235	0.968276374775167	1.31136329458797	1.23357833312376	1.46202577127666	1.40363486796449	1.22427097493635	1.16821990482409	1.22536749788724	1.26948802872721	1.36775313367568	1.3131767871061	1.28374981020185	1.38313294255222	1.38172458116499	1.56721985691983	1.33484289296642	1.25381286055185	1.24096292758519	1.18362060977059	1.60237348762795	1.37337252484123	1.2178744178371	1.28988710915144	1.33455965562193	1.32741316791649	1.34891078991236	1.54464603713028	1.43017712392972	1.49374143082407	1.3070251770109	1.65995414715995	1.44766605953452
"c28_CD8-GNLY-GZMB-ZNF683"	0.899316125752416	0.850684962704345	0.584689543432926	0.713503479706015	0.802973925497743	0.95852827590208	0.204725270141233	0.666740308298581	0.705396899518989	1.08626809271185	0.767309226227505	0.740924315355996	0.543018392840934	0.86096853289645	0.789791887670015	0.745459417787692	0.891009432106051	0.920631625852804	0.934429560365494	0.866464238742021	0.949778519198574	0.737134578627693	0.908591646926286	0.783610361363389	0.691101792052668	1.12157520846259	0.8127448080096	0.939268229121776	0.732456688630465	0.766205627018564	0.90644311373469	0.803805402680572	0.846110888214244	0.927889117989074	0.880088618386636	0.823178523798534	1.13567110347943	1.0121900689132
"c55_Mono-CD16-CIQ"	1.95053854378315	1.9440840400225	2.00813643033215	1.83836135840604	1.79986080768637	2.0002790834592	1.36029342629636	1.90755687421321	1.80363119466971	1.68776902154103	2.12464642705273	1.83583256303398	2.04635149804033	1.87233323446262	1.86056889200734	2.15902932353646	1.67800049674458	1.81674047877384	1.88788390622997	2.08187325691544	1.79974723601628	2.05882273628109	1.66174728978219	1.75272488410473	2.02078752206287	1.83154378804237	1.65623350834188	1.60025547740646	2.14208443916574	2.02064930420774	1.84364266914227	1.89749342329617	2.01351749497236	1.81034406331891	1.96340963301353	1.81258092482011	1.76015770727665	1.73822066766664
"c36_T-MT-PTPRC"	2.30549972493051	1.82618264044926	3.4327146689665	2.6413495139679	2.76929117759396	1.60582590841593	6.38908155501969	3.11040686615134	2.77415624135926	0.973343604237232	2.41021440825105	2.42620761325061	3.4945548021251	1.34730575453047	2.12432336646191	2.29639182052795	1.78520542811169	1.37398562387701	1.55708713449516	1.8238638182278	2.40940834483883	2.4325501089771	1.55542150730232	2.14888110860386	2.34752060987716	1.17474854885535	2.82138875793246	1.41613033366059	1.96141504038277	2.04700668490715	1.50920456262665	2.09256990434349	2.23280030867874	1.73690001993909	2.00474323102939	2.09388354304622	1.27895045252828	1.38499354148076
"c41_NK-CD3-GZMB-LAG3"	1.3001294886441	1.16827918871494	0.977843769069858	1.07903082052198	1.18691847413766	1.29456150079589	0.739980356616645	1.05302263981684	1.05629793846272	1.36477886199697	1.17325541357494	1.07382815661001	0.938097891188172	1.13409922906498	1.12504510004529	1.12905728677464	1.19977870438614	1.19373766287811	1.24693009584786	1.22269814401474	1.34392652309058	1.12125518140697	1.18076115772742	1.11214003337882	1.04761787400233	1.42671363685972	1.22224829826849	1.20539168978621	1.08651952301294	1.11004210770873	1.19229879961058	1.16133501579429	1.27383373631511	1.26608739967784	1.25414004910721	1.15073850304076	1.48404532077541	1.31729344889113
"c31_CD8-MKI67"	1.41952279570362	1.33465124853744	1.27102604762628	1.3092965290122	1.39437165376321	1.41118077843652	1.12722654833532	1.32891368989097	1.27817098274525	1.40532510120493	1.32868366213007	1.26494246601609	1.20904184792517	1.2879859983811	1.29452496486451	1.30807598167883	1.33862551712435	1.3165392614512	1.32847430797447	1.32754187397468	1.43722998933296	1.29748440113598	1.29866461012253	1.29134323724637	1.23598332487035	1.49603458492198	1.34570568301527	1.30493745204763	1.26750001838992	1.31357485163236	1.34414632591405	1.32014295943172	1.39117694334657	1.38963150246136	1.39968062477817	1.32797595463233	1.48874482333513	1.38423446190046
"c24_CD8_Tem-GZMK"	1.03931854803855	1.06139013739192	0.91688778623195	1.00590910555917	1.06456620539852	1.08705148478452	0.894763565968169	0.957989500198955	1.03789374998821	1.30727627752626	0.98885835543648	1.09045326380061	0.88388435364525	1.16228771168966	1.10436747760256	0.972193828579335	1.21410618528572	1.22582114912679	1.17986597698028	1.1136102878621	1.14817566552547	1.00629216094762	1.26977340420412	1.14810382645603	1.0489926014985	1.23156728527433	1.17789439239258	1.34409383352256	0.947923385315681	0.992625003519655	1.16962301511846	1.06115116115374	1.00889570389291	1.17447011859597	1.05534192889773	1.11404283007011	1.25833223609674	1.24474687356935
"c23_CD8_Tcm-GPR183"	0.431272877455155	0.623280763631799	0.245011902396718	0.429219853193038	0.495861641107601	0.601429475167337	0.00303390270244483	0.268427958948933	0.501385546059377	1.05788597746326	0.365488568513816	0.642395409303669	0.111354422991423	0.873516484464335	0.657132956003119	0.372976465655542	0.866321218507942	0.922788602735549	0.777321345212638	0.682353468845753	0.527486405499444	0.408089600604786	1.01523845970052	0.746215100956991	0.578398672830582	0.81817660463956	0.625662070513585	1.16422476053386	0.426107816467213	0.468866775468515	0.842551940589319	0.570211227783505	0.375227596295373	0.800900340526101	0.487224576788866	0.667817644419234	0.827466733664573	0.909544665067614
"c66_Myeloid-CD3"	1.42928482113233	1.44800738703165	1.43220168154635	1.39279632639782	1.36191734117978	1.48863574356935	1.06093163758987	1.37728556404261	1.36970251064225	1.41505336985197	1.47759133966385	1.41749600582682	1.43246644518332	1.45272403349898	1.44221544222368	1.48010719004975	1.36088298237932	1.43620818305918	1.42968717404323	1.4984242599696	1.38368374625559	1.47635394751556	1.36635239749585	1.35932084617073	1.44077512483042	1.43226073679996	1.30733943772087	1.3566574852919	1.55044415728803	1.48551330446713	1.45429848133166	1.44157192171696	1.46422990533311	1.40574376872935	1.46132486112769	1.41119313429805	1.42373449501034	1.40325953453458
"c21_CD4_Th17 like-CCR6"	0.175343833865516	0.441571528338252	0	0.187408072673177	0.254797943111816	0.407559863286487	0	0	0.276089652256804	0.977919783558938	0.110676885040099	0.462438233569866	0	0.769885689327647	0.481289048472773	0.122731515165398	0.744664729639873	0.817788307285094	0.634289104580302	0.517170095193567	0.286465199808391	0.166445047763741	0.931175612088441	0.591625043984177	0.401895653027831	0.6639780922054	0.427014911462188	1.13003298708118	0.208969416842895	0.255543045588073	0.713105392141698	0.379969577438957	0.118403225772902	0.65809495690379	0.256283647810001	0.488244103539822	0.67294195284503	0.789048715418342
"c33_CD4_CD8_T"	0.638260036262718	0.763165104371412	0.461801115222307	0.606396632608162	0.684710954311219	0.760735586590684	0.270778507840408	0.496254300667402	0.665778771138185	1.10799362383441	0.538703864491017	0.758275878903916	0.338585904660269	0.930146931228636	0.769578606815817	0.543751849220878	0.934806831842563	0.967312187271375	0.864403448029151	0.791553270544805	0.699011007164684	0.563951819980194	1.03848598325177	0.831258778269611	0.683805927063915	0.942191558390791	0.752425785733313	1.16183297660331	0.578376412902172	0.614126673536439	0.925899980121239	0.718390877269731	0.563065002067081	0.905733596974474	0.653532082648531	0.78739681225563	0.944141470071547	0.987424089876498
"c16_CD4_Treg-FOXP3"	0.359542025219325	0.497984751863458	0.201826377095444	0.342443932972367	0.394422858512532	0.484582880836662	0.0047454901227507	0.225927594943824	0.398009424001687	0.815955386015253	0.299304394603887	0.490700748112309	0.110413817828427	0.672614297877309	0.52643748538472	0.294268738990663	0.674969299303824	0.711029152897297	0.611131228050908	0.518993569388355	0.422679945592949	0.320824161976728	0.776130747696449	0.568351364890149	0.443083650164351	0.659740221993038	0.476991651397517	0.869477604487505	0.342273829432796	0.365473124071232	0.660152068262752	0.443274755677274	0.298484517182125	0.627412158752433	0.386240130348393	0.524934865178244	0.651865737641946	0.705308670686612
"c52_Mono-CD14-CD16"	1.83021230199323	1.86839770119192	1.87019482795993	1.74272345607175	1.65182840259297	1.93744889935802	1.06280434363356	1.74781847100387	1.69254317865108	1.64551153413561	2.00056231374148	1.75890015610827	1.90981098808255	1.83724301814398	1.80562281087172	2.03652737436829	1.60314778456836	1.76394067031447	1.80145778147581	1.98380994254308	1.67609114290767	1.97447280800475	1.59574950332411	1.65469884685833	1.90059276441113	1.74587905140749	1.50996910040845	1.52269000523989	2.13233629940975	1.97949111293988	1.79893849037658	1.82688561217557	1.92202512001676	1.71658419649561	1.87823460457735	1.74011403307512	1.68754508355104	1.66434174296321
"c46_NK-MKI67"	1.6432034897087	1.47986191145461	1.50373989765057	1.51044248344378	1.60834187564282	1.58286775360707	1.40953603339922	1.57637284371977	1.45306858477359	1.4937936397122	1.55404457061738	1.42109437832212	1.4559007770399	1.38022283089429	1.4479957973173	1.52266165268183	1.46136059095743	1.40840367702137	1.47175013972016	1.48161075893627	1.66143697319275	1.50588946728682	1.37763300571786	1.42776640386711	1.40138102589473	1.63430669390024	1.55070465581702	1.36611981277599	1.44634550141228	1.49587979344209	1.45167058417364	1.50747915584	1.64084640691338	1.5365980177912	1.61789483596929	1.47739769324318	1.64748785252736	1.50472617680183
"c37_NK-CD3-GZMK-TCF7"	1.19634763326028	1.16347289863117	0.996614082150615	1.107807096246	1.18913930888868	1.22499750805606	0.919978826668388	1.04041092987407	1.10582005342908	1.41953269889461	1.15244180005416	1.17351069927429	0.944099581390558	1.24283123863758	1.19862397437575	1.10954038550874	1.31589230798306	1.30128915608353	1.29602204060281	1.25080130509112	1.29035088617144	1.12980123950294	1.34503806958486	1.2380055477875	1.16514323697851	1.37147472342046	1.31363405155288	1.41402091131055	1.08114119496641	1.11923709342132	1.26175268725205	1.17894448282114	1.2170090763531	1.3122123868542	1.22804877817099	1.21033106878904	1.43486943701331	1.36338171661721
"c11_B-IFNG"	1.07003385106727	1.15521632280948	1.06962160105734	1.18269228299219	1.16094190593643	1.08298810009117	1.31329604042884	1.13696143853168	1.21211716275838	1.25468112111248	1.10733537904139	1.20849848086102	1.11022582391881	1.25876414270291	1.1962659558166	1.10925600029705	1.30278898399553	1.27371762961207	1.23247331494466	1.10187287626279	1.14324006272173	1.12023831357977	1.35782494540387	1.28544903858777	1.24969601970774	1.15745283534361	1.29024513502484	1.4070551129326	1.05076862484399	1.11185764614792	1.19563107080286	1.14942591713614	1.05854354912504	1.2016479468438	1.090366037841	1.19285564091268	1.16018205768087	1.24261645787118
"c47_Mono-CD14-S100A"	1.94543943347713	2.1742355973234	2.01269059665225	1.8866033896409	1.53766194120826	2.31210569103944	0.450061834888374	1.60550549997754	1.84331560551994	1.93129347454371	2.03011534971904	2.02769784902722	1.97282164852998	2.22515518936546	2.13700158384624	2.07325318456241	1.68522075592291	2.00654606127078	1.88317765673247	2.2038375479016	1.58202632395958	2.20422555383575	1.70888757826312	1.67931181225784	1.94701672227095	1.78895053708194	1.26105383482543	1.557463225211	2.86759973719276	2.43031383162562	2.19831857998953	2.16008301719807	2.11382995735449	1.84277656616906	2.00598810398503	1.96856915090398	1.83151176839638	1.81775914746446
"c56_Mono-CD16-ISG15"	1.92001203227118	1.86421643752319	1.99889884218777	1.83521231819021	1.79790414918537	1.9277882077693	1.49380134148707	1.94190387029061	1.78512215826725	1.5954033874545	2.10840622232193	1.78690063089195	2.08869589866649	1.75671901221975	1.80927515764714	2.11445751059799	1.63291617163547	1.731699788641	1.82902612101484	1.95972525191965	1.8244742279236	2.04507603188808	1.59637787082225	1.70774005263111	1.94943014946514	1.77859232910527	1.66991190344554	1.49619801619239	2.06213192829106	1.99347877133241	1.75349879911686	1.83938475859356	2.00385438246519	1.73066788524511	1.95729068847795	1.76519879080506	1.72939564477959	1.66971973664024
"c13_B-CD3"	1.01510127063584	1.11608481654636	0.996669990191255	1.10781512618726	1.11279627347081	1.0459518931843	1.18091997688538	1.05195143996016	1.15111003448755	1.26630322162541	1.01412174471053	1.16133565624349	0.990029999010593	1.23209229180848	1.14459881876127	1.01266713410785	1.26808379172546	1.24826180931279	1.18806545715346	1.07091780991602	1.07733511930191	1.02662022004735	1.33527100801737	1.23196688652381	1.17296355380864	1.14343201859915	1.22561820000593	1.41774762305416	0.978452173261751	1.03620268697472	1.18154206406022	1.1045836996017	0.977201627557634	1.18292827273788	1.02727155654118	1.15404711531702	1.1441152765857	1.22606947114138
"c44_NK-NFKB"	1.42462821789343	1.29448868349388	1.29200834268813	1.34065269665462	1.38423407810624	1.39039337508135	1.38052410717654	1.31058912967792	1.30164097461809	1.46040939535365	1.4900426831558	1.37666296906909	1.32826341121799	1.33954945875615	1.41422491422978	1.38599276037083	1.47838999225381	1.44280599764417	1.47310754410264	1.46700110704497	1.62418960334019	1.45676221140379	1.43605810195945	1.42415005780245	1.47967474135225	1.49254106355769	1.67976579614802	1.51777644322802	1.34514571884693	1.35592440539875	1.37377360491327	1.3562339906671	1.55583780459254	1.45012971119864	1.49260713459935	1.39923703994597	1.62312476599436	1.501673999893
"c38_NK-CD3-GZMB-ZBTB16"	1.55382048646162	1.3599599533444	1.38656109789547	1.41598283457093	1.49231331075674	1.48295144138126	1.41219529411322	1.4554711771939	1.36490633093044	1.46259572034397	1.50155571043302	1.36956681960987	1.41117654366377	1.30126296670114	1.39924147882816	1.45376641876552	1.41910052987323	1.37304824853376	1.45943349465093	1.43558046409511	1.66323885989645	1.4667643736006	1.36058787697076	1.37514133670358	1.35367668044803	1.57125791941278	1.56335557803939	1.35114081131359	1.36225455656342	1.39756089393147	1.37414030889695	1.41785271186666	1.6036773207988	1.45786400462134	1.56202596778623	1.41470773842802	1.63943249862094	1.48832533906413
"c54_Mono-CD16-CX3CR1"	1.96628102408542	1.90941989150601	2.11114371813847	1.89838052210191	1.87182132279824	1.96606617736802	1.66979344375438	2.02333571613461	1.85184747234177	1.61409118167416	2.14453331107233	1.85442246303772	2.15759497410776	1.78221887631574	1.86483425230794	2.16073214763448	1.66099603543766	1.75384870923325	1.83622167627397	2.01863000726365	1.85942490461828	2.08447646050321	1.61420958583289	1.74951406172151	1.99435935811174	1.79099237355995	1.7129093403768	1.53353672783683	2.1073861088056	2.02552766510023	1.8002555158729	1.90392845911309	2.04679389968953	1.77561944546479	2.00140050629393	1.81837710393272	1.74464270040792	1.69889918116887
"c06_Na誰ve B-IGHV4"	1.15770676229184	1.28187907401369	1.18476529984924	1.33148276656834	1.28008796211612	1.16557968786418	1.52870524781503	1.28279559151214	1.36045732058012	1.34906928307752	1.21269091626308	1.33553676477973	1.25341708724554	1.40445940995525	1.3160384163509	1.23031264558391	1.43493044877126	1.40026733525287	1.34344773241468	1.16810176018279	1.22038396377193	1.2306160462095	1.50447521211527	1.43178795448763	1.38306107136459	1.22975086361518	1.39502959278623	1.52866594511937	1.1491528236022	1.22750969949461	1.3068558604793	1.26125141653719	1.12764953485308	1.30627651328849	1.16561116959154	1.31109575004765	1.2020630890179	1.34103142904354
"c08_Na誰ve B-MT"	4.23968469554486	3.61529467017363	5.72403237648929	4.8773666072714	4.82116555428527	3.28263265462114	9.41458799083235	5.59512090407973	4.92588106240513	2.26952788400555	4.50732194085485	4.27996675612922	6.14687656966098	2.88858783741582	3.93474665724368	4.4105750808166	3.43324146566725	2.89646964043109	3.228164284156	3.34318842190986	4.35038194413359	4.48895927053924	3.05425526593788	3.95112168230802	4.31523545867675	2.68977845872783	4.82456694579951	2.7762416554301	3.82960755763277	3.97732675694495	3.01615715500705	4.02203957219032	4.23579716192407	3.26885520436285	3.96728534057739	3.90974521921667	2.77774073950166	2.87294849401684
"c57_Mono-CD16-RP"	1.94563164059222	1.93310964180213	2.03412644633544	1.8688583103873	1.81354539158232	1.99092462533094	1.51337430620438	1.93852358751378	1.81608606116717	1.68005792502197	2.14969914999362	1.87350764714337	2.10495487336234	1.89727629617262	1.90028647201304	2.17167579954885	1.68980169595511	1.82838984708794	1.89105195423475	2.08783397994711	1.82843430365886	2.09132983089153	1.66784049364255	1.77964396975798	2.06319046764299	1.80941949512201	1.7046803564712	1.62674317443953	2.15010101995774	2.00835064444223	1.84208426345834	1.90294912559445	2.02094332253627	1.81354157680903	1.96992744462111	1.83319321277716	1.73656508835491	1.73483397409936
"c64_Mega"	1.8372007639316	1.90699470573069	1.91791701396755	1.79288861497146	1.63619070277967	1.98058182719044	1.09483649254025	1.73007080624557	1.73549419097997	1.68559318877792	1.9685550434791	1.82019363562243	1.94832146345664	1.88329464578192	1.87379038694312	2.00286065919045	1.61770044045067	1.79217511885218	1.77786813851441	1.98527546510634	1.65939948422617	1.99869570185785	1.60612096907391	1.65895330304338	1.86351083052325	1.7337221261102	1.46726592065286	1.51000770557333	2.26499005174966	2.06009031469807	1.86403804702019	1.88251308201177	1.94399740150899	1.71649506176272	1.90297509195813	1.79652148717092	1.70746413939101	1.68200295885656
"c07_Na誰ve B-IGKV"	1.01013981511324	1.16125003109469	0.977609249726944	1.17257365634259	1.11620783007475	1.0534320420979	1.14766052729992	1.10094133339038	1.19111513664481	1.26387946523171	1.0657465860265	1.18563894803468	1.05175239339553	1.30747437610649	1.18179844613494	1.09002821809165	1.32256083592596	1.30538693589094	1.23939645456236	1.04396469453734	1.07127437942881	1.08332547946901	1.40363208938157	1.30408334028825	1.2419163650206	1.14111553193315	1.22959552618465	1.43045598071302	1.02150527399687	1.10898338509558	1.20057143407779	1.12706671045015	0.986764806630772	1.18781995480733	1.03871489299909	1.17708209175729	1.10826433231274	1.24188301540161
"c45_NK-GZMK"	1.04378239249761	1.05714787262218	0.839641295568408	0.958532489417354	1.05792835825293	1.09555891605377	0.724068455320169	0.870471489899362	0.987069881993098	1.34977814158336	0.98517760528373	1.06272818115367	0.750379494986456	1.16940637519154	1.07851123790032	0.946546739275057	1.22543499773924	1.21806268824255	1.19476289665368	1.13871289707907	1.11713267665142	0.967797042369323	1.28288520218771	1.13904146647548	1.04688072865764	1.25157708541051	1.17204283824802	1.36284606432231	0.935960568123493	0.976771263455187	1.17026450437802	1.05232215283599	1.03092654650973	1.21476863790363	1.05785596989899	1.08652861018666	1.30728915051747	1.26558403862222
"c53_Mono-CD16-CXCR4"	1.98929488874118	1.90820858008725	2.16745817347118	1.95580199473989	1.90401345351522	1.96007771033057	1.8246260469296	2.09956421660307	1.89053073293807	1.58115400580052	2.2257181964199	1.88842152694484	2.30016601613644	1.78690187583115	1.89700531266105	2.22441900711883	1.67762394320385	1.76226899121994	1.87282861173565	2.0140983811499	1.92197747360984	2.16106443627763	1.62222095401747	1.78369837772502	2.06450142780944	1.78311141032505	1.79054002777221	1.52282008524557	2.14104953616003	2.06761197576949	1.78386617691503	1.9193392654672	2.10350804967456	1.76245219470824	2.05095482274151	1.84201945711199	1.73708470524648	1.68914958650048
"c30_CD8-KLRB1-TIGIT"	1.05362473763558	1.01556404752823	0.810206765918678	0.918533567108257	0.994189325902125	1.09214317408591	0.591844517892822	0.862247230798493	0.918837611732448	1.26446006057976	0.979497445170305	0.980717598727593	0.775608647424707	1.0762156255083	1.01677275950335	0.941681131982438	1.12789999588746	1.14885172114729	1.14255357177384	1.0861977222505	1.1491499550497	0.964592256999763	1.15783253261916	1.03929911352875	0.961673879781642	1.24445298303674	1.11122060970274	1.22101074770469	0.92504482025366	0.962727604317646	1.10202564376474	1.00453816763287	1.03876606577836	1.12869454017976	1.05171340347178	1.03618617656468	1.28983958993914	1.20510406556858
"c67_Myeloid-NKG7"	1.60040974299281	1.58292912231149	1.60534931858718	1.59194367220563	1.56997412405238	1.60852608727254	1.44571156788591	1.58191917104716	1.56431402701953	1.54441322039606	1.59194217714204	1.56918210686921	1.5941816597924	1.54656632244798	1.57713076578588	1.59377347369893	1.52852906482171	1.54089901432229	1.54400176091961	1.56748688243111	1.57013258374861	1.6013370883015	1.51138152727388	1.51481742592136	1.55172632798978	1.56461934919862	1.52688878856355	1.49615361505738	1.64668441621892	1.62864955883705	1.56329344141152	1.59714992795345	1.62244818303851	1.55170474510953	1.61775650898042	1.56728228303632	1.57529210454344	1.54213273802166
"c40_NK-CD3-GZMB-ZNF683"	0.950756325580053	0.815128099936385	0.565229789890178	0.682626472722711	0.798150896932303	0.970627871200804	0.102922258499229	0.657817642687171	0.638196843872356	1.02325537425039	0.809719475679098	0.680574123531726	0.528852861085636	0.767990662973729	0.745273745580246	0.794799062770534	0.820049730738191	0.836744301147811	0.905959229907722	0.861394096726804	0.995965147671686	0.753293835975053	0.802936706415028	0.720729424475351	0.633810331491359	1.12455868654429	0.78398330117038	0.790968119864261	0.731403590429684	0.768562426755976	0.833078089870908	0.795759446319816	0.933191318727261	0.894351602158098	0.921391559968194	0.756814077450961	1.16321622810277	0.96712524369128
"c14_B-PPBP"	0.945389612009148	1.06454288620538	0.921092699690576	1.07561606819172	1.02559708193434	0.979057895825232	0.998816315794686	1.02961400650109	1.09191406018389	1.145598182726	0.998430042493844	1.0779325588733	1.00513104195309	1.17479471279184	1.07840761310945	1.01943413197199	1.19601194703502	1.18365134939699	1.1420117858415	0.965248047356565	0.999844082249277	1.00483001479465	1.25918209372318	1.18331654223447	1.12174640222181	1.07529229544964	1.1112055611998	1.26095812307229	0.957423058211844	1.03462151471216	1.09540758892868	1.04471570239523	0.935902971085241	1.06868845137336	0.989562274874604	1.07945973402038	1.04578301125845	1.1321982022461
"c26_CD8-ZNF683-FOS"	0.6942302514448	0.805054727840943	0.530010210090643	0.667301013491487	0.729955474561673	0.810786251845456	0.366506690795181	0.542482072249246	0.714802917599865	1.15032214915378	0.648708574678724	0.824402283597725	0.432642462870692	0.980959753233536	0.840172473790977	0.642852044547778	1.00354987943105	1.04224631458887	0.944717044824052	0.8802962943466	0.790021573775996	0.675585534885879	1.1118736468856	0.911585193197525	0.780547418442794	0.989386668612811	0.849241566518563	1.20584056628085	0.668613659772499	0.709304487388356	0.984134255843395	0.766303910924614	0.67411065701083	0.959940992358383	0.748391457414063	0.857094478366711	1.02074842067716	1.05452788180254
"c48_Mono-CD14-VCAN"	2.6413911694506	2.60608869586025	3.06644343618105	2.77124388829197	2.48166296761452	2.64181074422673	2.83584742519892	2.74048850619371	2.66513233214113	2.09219832682967	2.86289617022254	2.70128314015452	3.20112022620198	2.46895866433979	2.68735621007575	2.86580005622579	2.25172132575328	2.35062010842481	2.38284085592149	2.6414368343478	2.47802541526936	2.96363621962669	2.15901308833377	2.36363615810382	2.71676448412639	2.1577525879201	2.35273500376367	1.97792961925906	3.22756337361039	2.98832599757013	2.45094637217384	2.66611102521346	2.84824714522639	2.30764450067976	2.73014440792851	2.57681409164613	2.20747467497553	2.20178829718638
"c01_Plasma-MZB1-XBP1"	2.89707226781376	2.70344736738164	3.27019501922625	3.18450234989075	3.06260317315754	2.43197998057795	4.84689096986834	3.34898288452154	3.1324463700858	2.14717780790521	2.71517935518646	2.77702779214692	3.33427419769233	2.35503919202215	2.6434651327722	2.74287541659619	2.55569080856146	2.26452459865279	2.52119628259628	2.33545173358714	2.82326961136383	2.73735233357057	2.37896126478637	2.76433441825106	2.78427417250378	2.26000842443656	3.00114548078817	2.24325011896894	2.5124694595675	2.61040864233746	2.35610918435392	2.74936253968116	2.82549989640405	2.51591460775484	2.74108494604374	2.76565860124128	2.1374778944234	2.32336900144784
"c50_Mono-CD14-HLA"	1.6295026850523	1.77603638273239	1.54921297590336	1.55300604257495	1.40777382898177	1.83933652962708	0.562146759775172	1.41790843397521	1.50099225736402	1.67840473755632	1.77550775484418	1.63392501666936	1.5685705036005	1.87301852916536	1.71002004883106	1.8388268449446	1.56238389054104	1.75937965022294	1.73611705377802	1.88610607357869	1.4672046057342	1.78555191833968	1.6029312836683	1.56245795076785	1.76998589729463	1.68436938163415	1.32928646125272	1.55961476224314	2.04563438042199	1.84960611192329	1.76291523214075	1.67991121543039	1.71658069414028	1.64890092512018	1.70065839133875	1.64072806094724	1.60102705546043	1.62972954662453
"c32_CD4_CD8-MKI67"	2.11528788447897	2.02656013828071	2.21162514999949	2.11650897975753	2.20974514885936	2.05341911276716	2.39244181185551	2.25242709639586	2.10011746885965	1.86645920410702	2.0153126037128	1.9733170709335	2.07907378555122	1.85072345158287	1.97068653239536	2.01963038666697	1.93025679514108	1.83950437482657	1.8214142756991	1.92325151301981	2.05556712694279	1.98777207185377	1.81554760403117	1.95324091643114	1.8954376908725	2.01243316281114	2.01259885593752	1.8182999002772	1.95823109863064	2.01605921942216	1.9709658628106	2.05013253384781	2.05395878827589	2.02090255539166	2.07242133124698	2.03695566024415	1.96458134811597	1.91024682984204
"c65_Myeloid-MS4A1"	1.51178696808805	1.566294592398	1.54609437569335	1.51968606992417	1.44756949953225	1.57832579914056	1.22960601091934	1.49023227984629	1.48987925500977	1.47335046397182	1.63362495949917	1.53793235794885	1.59748876195983	1.60009154465422	1.56097121634876	1.65242746618709	1.47760138060882	1.55989890151771	1.56013948753658	1.61637707106588	1.46210288827384	1.62770469442856	1.49794044557145	1.5006603520726	1.63023251542303	1.49097473191982	1.42847441024756	1.46977043168202	1.69482753698074	1.62844669324451	1.54598920430737	1.53930864631832	1.56887297273461	1.49946179803872	1.55543957284561	1.51987061958785	1.4540628213491	1.48415878505111
"c70_Platelet/NK cells"	1.48479795505325	1.33149087230719	1.27595623618889	1.3086637897773	1.40933245945868	1.44312889770116	1.1628557889133	1.33351022615035	1.28019259722946	1.43781957379805	1.37978135382882	1.28290450018014	1.24258845254117	1.26390697239143	1.30350061716593	1.34898814354926	1.3411494836165	1.31673303526362	1.37492644181891	1.38380639399097	1.52520018717947	1.33391558972071	1.29849115152661	1.2994754452302	1.23165009400063	1.5357897527444	1.40493236945725	1.2905320171826	1.29056943297941	1.32128279596617	1.33491043630346	1.35298551157949	1.47546254543461	1.40605317337994	1.45068122171592	1.33382893110949	1.58507150087324	1.43220479613407
"c49_Mono-CD14-ISG15"	1.9194201238407	2.12767798540844	1.96114434462013	1.85834509617292	1.52286894526385	2.26692430664732	0.485063367562364	1.58357958396182	1.81156436691688	1.91005265954832	2.01398154827153	1.98808842442669	1.93708996427275	2.17631117437989	2.09676091611083	2.0487743460619	1.67727821161273	1.98238851595475	1.87232257582103	2.15548959119037	1.58761772209651	2.17687453346536	1.7085238909828	1.66960120765118	1.91499961015765	1.78569923741156	1.27217871366451	1.54001996360891	2.7887322136137	2.39393431637639	2.15984307924879	2.10491963830605	2.09377640199064	1.81973697985172	1.99368056634231	1.94133875646141	1.83253690051107	1.80652730410544
"c62_pDC-GZMB"	0.922253000165405	1.03247646439862	0.815469082071826	0.967513597099673	0.949367065488016	0.993597371132777	0.563382561053949	0.917946155252009	0.966213888503058	1.12196126796028	0.960501121942502	0.982223189483678	0.832464448424235	1.12005372503457	0.996995153477332	0.972946937711954	1.10761934520907	1.11617774939209	1.09375755810935	0.964476986560702	0.933489234352641	0.949310833951268	1.15463517899929	1.07148978222054	1.04702662393167	1.06628564795311	0.989107308373358	1.17899469638286	0.936825959382691	1.00298760249233	1.05364844489369	0.993404003744351	0.918155896741	1.04792357566608	0.960607511381084	0.987325097324565	1.04693882567599	1.08554263401889
"c51_Mono-CD14-CCL3"	1.79690165632199	1.97589709369956	1.78811116171828	1.72442511777222	1.47583567266176	2.07796855427851	0.505263919036856	1.52130538221833	1.66761388878564	1.79581974551743	1.92762622489473	1.8253902059081	1.78815564753838	2.04061151822535	1.92019339824023	1.98333292998409	1.6195769430578	1.88224760395533	1.81859561455161	2.05684964702841	1.53685341835478	2.01115676035675	1.65101930519964	1.62233704644633	1.86603686944151	1.74495862375325	1.29746471587982	1.54174017921038	2.46425428616926	2.15184962683073	1.97695829900249	1.91743169699724	1.93695533459765	1.74437683291861	1.87642641266926	1.80877715436647	1.72457747640602	1.72383260878843
"c42_NK-CD3-MKI67"	1.47976766859625	1.35678633934041	1.25747640191561	1.32058356016445	1.41954413663979	1.46705267593903	1.04984941911272	1.33278602144283	1.27076254761497	1.45261356623477	1.38554327567922	1.26592737654914	1.20095232511669	1.30382296217148	1.31483685432165	1.35244915225324	1.36127822220347	1.33174303907738	1.37126989102733	1.37135396757336	1.49696460943296	1.33440211340517	1.30768590437224	1.30200630846339	1.24613276583576	1.55909962523668	1.37803708029928	1.30446037441988	1.30278104464981	1.34310467227471	1.36335498687091	1.35450269124157	1.47213094448148	1.43242810813567	1.46264360523098	1.34516090677708	1.57138260932609	1.42539088549014
"c02_Plasma-CD3"	1.9976888747403	1.87120123680632	2.07700892978087	2.15363307370581	2.0406453654528	1.64007238316573	3.01856517006197	2.16505906840367	2.08050937565809	1.57272341339213	1.72208574833761	1.81962745189445	2.07555047549264	1.6290049809706	1.73254931244161	1.78829208849285	1.78336739093892	1.58187491132715	1.80528597737889	1.54088944837108	1.88409425464388	1.73133226902759	1.69334467291344	1.92072942530846	1.81346803824886	1.63962348270168	1.95504669140739	1.54491644904785	1.60864243238925	1.72716609802934	1.64299223026476	1.84375883135465	1.92277445772095	1.73619550164624	1.88049094863039	1.87455549011029	1.49865485394453	1.65878600592789
"c63_Mast"	0.829783945048464	1.02391472415175	0.876451114139487	0.979383950607834	1.02020923439124	0.925104220925726	0.948142689314732	0.896811678651399	1.04295869778762	1.28677150050761	0.797826607437341	1.14868916946961	0.749341614134784	1.24452054158999	1.1032657998538	0.821396131637609	1.25013209062788	1.25229166496929	1.11058569733775	1.03745715922281	0.89655281832585	0.85380399690703	1.36484068835279	1.20069243757794	1.09583212947417	1.05799321137026	1.13173271809665	1.56269954289205	0.839962114650031	0.900937691165859	1.17806743384875	1.05019904242722	0.775858062478357	1.16097305376545	0.891681626818939	1.09660514364882	1.02961118623009	1.19463709336523
"c04_Plasma-MKI67"	3.09872139002922	2.91480602361291	3.51809100661939	3.28586188201601	3.32047809797814	2.80176148869288	4.80507435625668	3.54428738266384	3.31215745544598	2.44197586542656	3.02868184525338	3.03370990954887	3.47698657284365	2.61859073799557	2.93561830688094	3.0231301720686	2.78071676217641	2.54886778860289	2.61972715934073	2.72073159411997	3.05182976518662	3.04321753707219	2.58799252696317	2.93766219532172	3.00013935427733	2.53510013762725	3.20426097103922	2.57797118839006	2.85410375561569	2.89630696947215	2.68435905879761	2.9958804581636	3.01352526623609	2.84804620406507	2.93316771673694	2.98847851712913	2.52320685970513	2.6081351253706
"c60_cDC2"	1.25177042802392	1.43371750137526	1.10335502181683	1.29891971603847	1.1873017968325	1.38320538082677	0.335215921428082	1.2650203500196	1.26885445908104	1.29747799717985	1.34773689983057	1.17117383526994	1.17798666846286	1.38363356613641	1.23978179327938	1.44637955837162	1.31473751103074	1.34321309727966	1.36173121257327	1.19733337054137	1.12839639862084	1.31361104194407	1.34098472026131	1.26861179481742	1.27731771422193	1.37763489059635	1.04764118871649	1.19619566891724	1.4307254996481	1.50947496424825	1.30151344714806	1.31713391059644	1.30229013131742	1.25044843174515	1.35888930315173	1.25548266715163	1.30102305130767	1.27871009279161
"c03_Plasma-IFNG"	2.89004982273699	2.63633622138084	3.5312663683896	3.29989581140764	3.16966076081236	2.27102489760844	5.70166773788092	3.56941291175675	3.23983498616934	1.83336461117648	2.72038345669763	2.82055014335632	3.60990589228168	2.15168517428764	2.58382625701997	2.74846484265708	2.42257661847237	2.02198048623734	2.33975790993998	2.23099963873847	2.82358510417659	2.76041702288069	2.17279215583053	2.66788561586466	2.75088529519244	1.93567984534174	3.03575962500919	2.00839257743353	2.45293422302582	2.5749080876759	2.18140590140425	2.70181646016054	2.78968075037952	2.36136298759933	2.69748800297169	2.72979269049291	1.90934745866314	2.12600131319284
"c12_B-MYADM"	0.997370687953825	1.14271762652225	1.03711415505249	1.19470168106072	1.12130912173293	1.04136066002649	1.39661329582272	1.098019726737	1.21918251309139	1.29287966969372	1.16210644635897	1.26305811322436	1.13882424763182	1.34758985800382	1.26320182343957	1.13087366297747	1.41760369803653	1.39051052733027	1.32002364204837	1.13619151527724	1.16240307110642	1.17230462046883	1.5068472871098	1.39435529684431	1.41225992119621	1.13182128892203	1.45013962970442	1.61593345211143	1.07570491144586	1.14103356861232	1.23288070754431	1.15549017824833	1.0692993662398	1.22161960511842	1.0959492212024	1.23531325375651	1.17805184765888	1.30606420799876
"c58_Mono-CD16-MT"	4.25554431717229	3.77392942896683	5.42629256224123	4.64441578965569	4.60839919019096	3.6116425330452	7.85591930622499	5.27161850630649	4.67798171579811	2.7596229845649	4.4336959171604	4.27232046621469	5.63295900529845	3.23379043209823	4.0156521216359	4.38582677092569	3.44276385680298	3.1641900954726	3.36568218147043	3.73353689322922	4.2245576391388	4.43096259833557	3.11756927900955	3.85659760689651	4.25909583110913	2.98625000368556	4.42984409476392	3.04213022258197	4.03281911947853	3.95726219094237	3.34891716689149	4.08588861338196	4.23185234750642	3.54227742698123	4.04787473635908	3.97685700647957	3.08690672077539	3.16653818953154
"c59_cDC1"	0.919996552390785	1.1355901400221	0.679311189937282	0.954704449891038	0.853822306903987	1.07871946549679	0	0.896278663093595	0.920346269157012	1.06130433127405	0.99073540357605	0.824745451139636	0.763313826795248	1.12363548062417	0.90787024343559	1.09519446220984	1.04899946775415	1.0876322153593	1.07804991392231	0.874062460014208	0.790430361772189	0.946034364760521	1.09210430442917	0.987105335635609	0.935347163688895	1.1560696509653	0.710469875861076	0.955952962200955	1.07724873133173	1.19049713878381	1.02914819697625	1.00116479401686	0.94816623906011	0.964191689115957	1.02897048682991	0.941436823669379	1.04565902568983	1.01489145708987
"c61_cDC2/pDC"	1.55266249523359	1.60274481757651	1.6139762951077	1.72355082505452	1.60872963557748	1.54560477945766	1.4522795786227	1.7735243866902	1.62796127405056	1.42265409092137	1.71444441697016	1.54205667754489	1.78774278260069	1.53853006012654	1.56458292152604	1.73970767347755	1.57255334205948	1.53422214876537	1.58476210191293	1.41443618061247	1.56887933534932	1.67719140400441	1.53130283920195	1.57473703731378	1.65111482541583	1.54724002282686	1.57137511897093	1.44233553192487	1.62968837013653	1.72344257703568	1.47506787660662	1.5941397170638	1.64599887373569	1.46640078160023	1.69917498495452	1.5748093510903	1.48457255708862	1.47774075445664
