"pair"	"r"	"p"	"padj"
"c25_CD8-GNLY-GZMK:BA.5/BF.7"	-0.374698599388352	0.020460463413471	0.118344146793337
"c15_CD4_Tn-CCR7:BA.5/BF.7"	0.193550986205237	0.244293487681739	0.501897113927399
"c22_CD8_Tn-CCR7:BA.5/BF.7"	0.304765163312371	0.0628183085058246	0.222940345417252
"c05_Naïve B-TCLA1:BA.5/BF.7"	0.118398429514004	0.478962512987574	0.668042359335097
"c68_Platelet:BA.5/BF.7"	0.0787433527359486	0.638410458631138	0.785238959002702
"c69_Platelet/T cells:BA.5/BF.7"	0.404982224063106	0.0116628612088991	0.100480035030515
"c18_CD4_Th1 like-TBX21-GZMB:BA.5/BF.7"	0.386265733591518	0.0166042162672967	0.109151455776734
"c09_Memory B-IgMG:BA.5/BF.7"	0.216315856982851	0.192089209156183	0.456772641730201
"c43_NK-FCGR3A:BA.5/BF.7"	0.146863140883437	0.378931183492181	0.614797370113152
"c27_CD8-GNLY-GZMB-CX3CR1:BA.5/BF.7"	0.241698690053134	0.143759041474377	0.386101327608712
"c19_CD4_Th1 like-CXCR3-GZMK:BA.5/BF.7"	0.358566804825281	0.0270631171460444	0.140327274090601
"c34_gdT:BA.5/BF.7"	0.350606529638466	0.0309190089023893	0.151034166460607
"c17_CD4_Tfh like-CXCR5-GPR183:BA.5/BF.7"	0.244712112773713	0.138677478201574	0.376987319382921
"c10_Memory B-IgAG:BA.5/BF.7"	0.301103281088709	0.0662078169734879	0.230288059038219
"c35_MAIT:BA.5/BF.7"	0.308202772044283	0.0597628187300859	0.219456908123594
"c20_CD4_Th2 like-CCR4-GATA3:BA.5/BF.7"	0.337133501317778	0.038467482410837	0.169620394882431
"c29_CD8-GNLY-GZMH:BA.5/BF.7"	0.273451439564476	0.0966752951361851	0.295932251214171
"c39_NK-CD3-GZMB-CX3CR1:BA.5/BF.7"	0.259192118537269	0.116093708873632	0.325960077049822
"c28_CD8-GNLY-GZMB-ZNF683:BA.5/BF.7"	0.418406830107751	0.0089429380838311	0.09122862846699
"c55_Mono-CD16-CIQ:BA.5/BF.7"	0.165850454319135	0.31967200980907	0.568305795216125
"c36_T-MT-PTPRC:BA.5/BF.7"	-0.503687143517108	0.00126500247762503	0.0749119622452827
"c41_NK-CD3-GZMB-LAG3:BA.5/BF.7"	0.346011367091605	0.0333431458251449	0.155595663160579
"c31_CD8-MKI67:BA.5/BF.7"	0.316713427166898	0.0527045396962247	0.206395400208992
"c24_CD8_Tem-GZMK:BA.5/BF.7"	0.304834749329118	0.0627552547352881	0.222940345417252
"c23_CD8_Tcm-GPR183:BA.5/BF.7"	0.378583258432173	0.0190896529149595	0.114855586435565
"c66_Myeloid-CD3:BA.5/BF.7"	0.383508204736615	0.0174630285685063	0.109433901331776
"c21_CD4_Th17 like-CCR6:BA.5/BF.7"	0.283320905476876	0.0847651637520469	0.265929925496618
"c33_CD4_CD8_T:BA.5/BF.7"	0.374619954094505	0.02048904252764	0.118344146793337
"c16_CD4_Treg-FOXP3:BA.5/BF.7"	0.382271512763031	0.0178601258785344	0.109433901331776
"c52_Mono-CD14-CD16:BA.5/BF.7"	0.262239673569327	0.11171524625298	0.320002751415185
"c46_NK-MKI67:BA.5/BF.7"	0.0642551953632724	0.70152663110024	0.834086865002408
"c37_NK-CD3-GZMK-TCF7:BA.5/BF.7"	0.367319117389958	0.0232912207229358	0.129139441632119
"c11_B-IFNG:BA.5/BF.7"	-0.00746975781189507	0.964498640495115	0.98025270177362
"c47_Mono-CD14-S100A:BA.5/BF.7"	0.304327194951702	0.063216315429924	0.222940345417252
"c56_Mono-CD16-ISG15:BA.5/BF.7"	0.0459667013395773	0.784056193092414	0.88302289920972
"c13_B-CD3:BA.5/BF.7"	0.114893728594813	0.49216261589373	0.674690489352482
"c44_NK-NFKB:BA.5/BF.7"	0.0813653260560255	0.6272358341509	0.780168830451801
"c38_NK-CD3-GZMB-ZBTB16:BA.5/BF.7"	-0.00958498223853531	0.954454966918743	0.973150585195466
"c54_Mono-CD16-CX3CR1:BA.5/BF.7"	-0.0310018587498042	0.853410568179553	0.927031042815407
"c06_Naïve B-IGHV4:BA.5/BF.7"	-0.0947950265171793	0.571317184609823	0.740200810845555
"c08_Naïve B-MT:BA.5/BF.7"	-0.491416576831168	0.00172968370935866	0.0749119622452827
"c57_Mono-CD16-RP:BA.5/BF.7"	0.0820038201799742	0.624526857608144	0.780066487871089
"c64_Mega:BA.5/BF.7"	0.236375920062116	0.153066745426851	0.39988212925085
"c07_Naïve B-IGKV:BA.5/BF.7"	0.147896217174942	0.375549942469264	0.611360371461592
"c45_NK-GZMK:BA.5/BF.7"	0.383700823567292	0.0174018514855657	0.109433901331776
"c53_Mono-CD16-CXCR4:BA.5/BF.7"	-0.117355292822912	0.482871918225105	0.670510752397809
"c30_CD8-KLRB1-TIGIT:BA.5/BF.7"	0.393650723972418	0.014477274189876	0.104243223915346
"c67_Myeloid-NKG7:BA.5/BF.7"	0.194876893868903	0.241014638820755	0.501897113927399
"c40_NK-CD3-GZMB-ZNF683:BA.5/BF.7"	0.39921914096422	0.0130298976347571	0.100856825885644
"c14_B-PPBP:BA.5/BF.7"	0.213377077109907	0.198345797919992	0.464475436803507
"c26_CD8-ZNF683-FOS:BA.5/BF.7"	0.377736012716675	0.0193818802110017	0.114855586435565
"c48_Mono-CD14-VCAN:BA.5/BF.7"	-0.233143387008	0.158929335969365	0.412039019179835
"c01_Plasma-MZB1-XBP1:BA.5/BF.7"	-0.483749125870764	0.00209103919322532	0.0749119622452827
"c50_Mono-CD14-HLA:BA.5/BF.7"	0.413967508377084	0.00977504469540108	0.0920004206625984
"c32_CD4_CD8-MKI67:BA.5/BF.7"	-0.351711636637391	0.0303581634008479	0.15044753543783
"c65_Myeloid-MS4A1:BA.5/BF.7"	0.26746353899836	0.104501825033266	0.311282032013985
"c70_Platelet/NK cells:BA.5/BF.7"	0.210720171731231	0.204123897138859	0.469443048861443
"c49_Mono-CD14-ISG15:BA.5/BF.7"	0.309891325458819	0.0583058218293428	0.21944820184337
"c62_pDC-GZMB:BA.5/BF.7"	0.498911654260397	0.00143076967554407	0.0749119622452827
"c51_Mono-CD14-CCL3:BA.5/BF.7"	0.349067724021532	0.0317141155275563	0.151794057225911
"c42_NK-CD3-MKI67:BA.5/BF.7"	0.333080838588965	0.0410108149494995	0.174903155101682
"c02_Plasma-CD3:BA.5/BF.7"	-0.451467996913675	0.00443966368184	0.0749119622452827
"c63_Mast:BA.5/BF.7"	0.237860979534447	0.150426868733869	0.397353992881918
"c04_Plasma-MKI67:BA.5/BF.7"	-0.495308904724145	0.0015682251343089	0.0749119622452827
"c60_cDC2:BA.5/BF.7"	0.491401850408478	0.00173032136073089	0.0749119622452827
"c03_Plasma-IFNG:BA.5/BF.7"	-0.486240795682613	0.00196695107167496	0.0749119622452827
"c12_B-MYADM:BA.5/BF.7"	-0.000279464333764995	0.998671376398875	0.99980976926553
"c58_Mono-CD16-MT:BA.5/BF.7"	-0.488104640241968	0.00187840616435804	0.0749119622452827
"c59_cDC1:BA.5/BF.7"	0.504501018316378	0.0012385112686788	0.0749119622452827
"c61_cDC2/pDC:BA.5/BF.7"	0.0348253308325051	0.835565318994502	0.916719750550312
"c25_CD8-GNLY-GZMK:BA.5"	-0.225572085168093	0.17329428096022	0.43131021038988
"c15_CD4_Tn-CCR7:BA.5"	0.199378346354567	0.230104991436651	0.497511630300983
"c22_CD8_Tn-CCR7:BA.5"	0.309673174407102	0.0584924520489716	0.21944820184337
"c05_Naïve B-TCLA1:BA.5"	0.194368061848932	0.242269406756571	0.501897113927399
"c68_Platelet:BA.5"	-0.0210824671787584	0.900022030609759	0.946353705777271
"c69_Platelet/T cells:BA.5"	0.350622938739676	0.0309106193827825	0.151034166460607
"c18_CD4_Th1 like-TBX21-GZMB:BA.5"	0.280310516715778	0.0882706991210539	0.275384910906909
"c09_Memory B-IgMG:BA.5"	0.260023567668155	0.114886551574257	0.325754272818146
"c43_NK-FCGR3A:BA.5"	-0.0167532022715842	0.920478740542409	0.95811913513708
"c27_CD8-GNLY-GZMB-CX3CR1:BA.5"	0.103784469803739	0.535207127845844	0.706877338664322
"c19_CD4_Th1 like-CXCR3-GZMK:BA.5"	0.335998008941259	0.0391667805932149	0.170546124108203
"c34_gdT:BA.5"	0.284534598319888	0.0833827354176668	0.263066658219118
"c17_CD4_Tfh like-CXCR5-GPR183:BA.5"	0.25345236157126	0.124688903245866	0.34228326381218
"c10_Memory B-IgAG:BA.5"	0.314001224212431	0.0548774500657295	0.211940496805576
"c35_MAIT:BA.5"	0.304018339653275	0.0634981876679495	0.222940345417252
"c20_CD4_Th2 like-CCR4-GATA3:BA.5"	0.309876385726943	0.0583185877803716	0.21944820184337
"c29_CD8-GNLY-GZMH:BA.5"	0.199555271935934	0.229683183034181	0.497511630300983
"c39_NK-CD3-GZMB-CX3CR1:BA.5"	0.0826725115014185	0.621694962519495	0.779791725406736
"c28_CD8-GNLY-GZMB-ZNF683:BA.5"	0.285388607716344	0.0824205228031083	0.261668759851234
"c55_Mono-CD16-CIQ:BA.5"	0.0854827736635207	0.609852483086736	0.77614058331683
"c36_T-MT-PTPRC:BA.5"	-0.382208014100135	0.0178807178068884	0.109433901331776
"c41_NK-CD3-GZMB-LAG3:BA.5"	0.197419358805109	0.234810681900214	0.500929454720456
"c31_CD8-MKI67:BA.5"	0.153991804273526	0.35596490855486	0.596904837270791
"c24_CD8_Tem-GZMK:BA.5"	0.273774188496977	0.0962665658171224	0.295932251214171
"c23_CD8_Tcm-GPR183:BA.5"	0.347754420508278	0.0324059100247524	0.151860331496748
"c66_Myeloid-CD3:BA.5"	0.266190237853102	0.106226523148402	0.314078135926651
"c21_CD4_Th17 like-CCR6:BA.5"	0.286003847278547	0.0817326901084345	0.260799467012669
"c33_CD4_CD8_T:BA.5"	0.335397661379711	0.0395406633266455	0.170986652223332
"c16_CD4_Treg-FOXP3:BA.5"	0.348142096824033	0.0322004226367997	0.151860331496748
"c52_Mono-CD14-CD16:BA.5"	0.168366020050517	0.31228266329616	0.562309618796944
"c46_NK-MKI67:BA.5"	-0.0853184945104705	0.610542110704086	0.77614058331683
"c37_NK-CD3-GZMK-TCF7:BA.5"	0.284977270604919	0.0828828947809381	0.262228367668505
"c11_B-IFNG:BA.5"	0.0953302808485955	0.569136398946553	0.739481168004802
"c47_Mono-CD14-S100A:BA.5"	0.220765188971578	0.182883276920281	0.447225480678417
"c56_Mono-CD16-ISG15:BA.5"	-0.0224349257259281	0.893643768314605	0.942977490256188
"c13_B-CD3:BA.5"	0.182749559998951	0.272120667561422	0.53484976438106
"c44_NK-NFKB:BA.5"	0.0255190813367018	0.879123969012354	0.940112397433606
"c38_NK-CD3-GZMB-ZBTB16:BA.5"	-0.134491710635157	0.420799531189111	0.641218333240549
"c54_Mono-CD16-CX3CR1:BA.5"	-0.0803392440120869	0.631599339430127	0.781106641893558
"c06_Naïve B-IGHV4:BA.5"	0.0360531407816154	0.829851485429054	0.912508632594217
"c08_Naïve B-MT:BA.5"	-0.383407286737246	0.0174951528261236	0.109433901331776
"c57_Mono-CD16-RP:BA.5"	0.0295883265374484	0.860026653556611	0.930656861819715
"c64_Mega:BA.5"	0.152840807756146	0.359614979852603	0.597579788479103
"c07_Naïve B-IGKV:BA.5"	0.217274964122612	0.190077706517658	0.455609382894523
"c45_NK-GZMK:BA.5"	0.321211645971841	0.0492530102672235	0.197012041068894
"c53_Mono-CD16-CXCR4:BA.5"	-0.141357762458007	0.397250670788186	0.624888695621865
"c30_CD8-KLRB1-TIGIT:BA.5"	0.292984577462905	0.0742368732974586	0.248194919681055
"c67_Myeloid-NKG7:BA.5"	0.0651818329689756	0.697424621561603	0.830974017179783
"c40_NK-CD3-GZMB-ZNF683:BA.5"	0.235514867867717	0.154612741040954	0.402712255734579
"c14_B-PPBP:BA.5"	0.257012170555336	0.119304013388457	0.32992714813598
"c26_CD8-ZNF683-FOS:BA.5"	0.337942881240712	0.0379752510875919	0.168111783470763
"c48_Mono-CD14-VCAN:BA.5"	-0.203818909244372	0.219677252245728	0.487911713138029
"c01_Plasma-MZB1-XBP1:BA.5"	-0.389228785336905	0.015721251008244	0.108023319811247
"c50_Mono-CD14-HLA:BA.5"	0.317253893541823	0.0522798809032985	0.205450760041033
"c32_CD4_CD8-MKI67:BA.5"	-0.328698230595601	0.0439129958811785	0.182834778390037
"c65_Myeloid-MS4A1:BA.5"	0.211937935759794	0.201461180364241	0.467156360264907
"c70_Platelet/NK cells:BA.5"	0.0491227390295503	0.769618291760911	0.874442774260447
"c49_Mono-CD14-ISG15:BA.5"	0.223287563057566	0.177805651319414	0.439607791341597
"c62_pDC-GZMB:BA.5"	0.425606997980168	0.00772208733591635	0.0863776979796311
"c51_Mono-CD14-CCL3:BA.5"	0.256707962566078	0.119757249409889	0.330364825958315
"c42_NK-CD3-MKI67:BA.5"	0.160534326170136	0.33564480519106	0.582039720657439
"c02_Plasma-CD3:BA.5"	-0.382837991111006	0.0176773017217403	0.109433901331776
"c63_Mast:BA.5"	0.282547755551133	0.0856550147078293	0.267970995733991
"c04_Plasma-MKI67:BA.5"	-0.389601405007822	0.0156130654442035	0.108023319811247
"c60_cDC2:BA.5"	0.35019518922131	0.0311299280789381	0.151034166460607
"c03_Plasma-IFNG:BA.5"	-0.386990382325612	0.0163845156977888	0.109151455776734
"c12_B-MYADM:BA.5"	0.105648747787564	0.527858960608105	0.701307278625241
"c58_Mono-CD16-MT:BA.5"	-0.385057927467662	0.0169759043533578	0.109270188941154
"c59_cDC1:BA.5"	0.370859369528521	0.0218950426354042	0.122612238758264
"c61_cDC2/pDC:BA.5"	-0.023454132801565	0.888841463203309	0.940112397433606
"c25_CD8-GNLY-GZMK:BF.7"	-0.27719282046699	0.0920180827465284	0.284696830596994
"c15_CD4_Tn-CCR7:BF.7"	0.233863937698378	0.15760865002627	0.409563081274761
"c22_CD8_Tn-CCR7:BF.7"	0.29653716439471	0.0706345781054517	0.239729477206382
"c05_Naïve B-TCLA1:BF.7"	0.220229439885813	0.183974875265112	0.447938826732446
"c68_Platelet:BF.7"	-0.0467799226420014	0.780328930428577	0.880763282339615
"c69_Platelet/T cells:BF.7"	0.3575618195368	0.0275268199117053	0.142073909221705
"c18_CD4_Th1 like-TBX21-GZMB:BF.7"	0.320748290288892	0.0495999312499527	0.197264368555285
"c09_Memory B-IgMG:BF.7"	0.290459155740709	0.0768838890685938	0.251049433693368
"c43_NK-FCGR3A:BF.7"	0.0512193111693873	0.760068901205131	0.869147600859274
"c27_CD8-GNLY-GZMB-CX3CR1:BF.7"	0.144786373037713	0.385782451775727	0.61797017095432
"c19_CD4_Th1 like-CXCR3-GZMK:BF.7"	0.324009618858118	0.0471993413729256	0.1901556199197
"c34_gdT:BF.7"	0.287467346662783	0.0801144285809839	0.257100745016338
"c17_CD4_Tfh like-CXCR5-GPR183:BF.7"	0.260883280417326	0.113648326933414	0.323061233922395
"c10_Memory B-IgAG:BF.7"	0.349212306961904	0.0316387016994699	0.151794057225911
"c35_MAIT:BF.7"	0.270879704788634	0.099979787549796	0.302526783801407
"c20_CD4_Th2 like-CCR4-GATA3:BF.7"	0.308463385846796	0.059536075743347	0.21944820184337
"c29_CD8-GNLY-GZMH:BF.7"	0.225934032239023	0.172587112113142	0.430506827542803
"c39_NK-CD3-GZMB-CX3CR1:BF.7"	0.146581239810239	0.379856946534198	0.614797370113152
"c28_CD8-GNLY-GZMB-ZNF683:BF.7"	0.335805240328823	0.0392865178749253	0.170546124108203
"c55_Mono-CD16-CIQ:BF.7"	0.0511499639301734	0.7603842107095	0.869147600859274
"c36_T-MT-PTPRC:BF.7"	-0.427384802327676	0.00744367133307274	0.0863776979796311
"c41_NK-CD3-GZMB-LAG3:BF.7"	0.240035616029928	0.146621382142076	0.389137317533471
"c31_CD8-MKI67:BF.7"	0.227595070336191	0.169368288110876	0.429168512860138
"c24_CD8_Tem-GZMK:BF.7"	0.271216636828163	0.099542011021066	0.302526783801407
"c23_CD8_Tcm-GPR183:BF.7"	0.345532740154822	0.033604352091056	0.155595663160579
"c66_Myeloid-CD3:BF.7"	0.273426895456909	0.0967064320932025	0.295932251214171
"c21_CD4_Th17 like-CCR6:BF.7"	0.279217648671715	0.0895706430975477	0.278664222970148
"c33_CD4_CD8_T:BF.7"	0.342068573807365	0.0355452510623117	0.160297868168865
"c16_CD4_Treg-FOXP3:BF.7"	0.353669417980242	0.0293851328148431	0.14759085311322
"c52_Mono-CD14-CD16:BF.7"	0.153152730661785	0.358623584925213	0.596904837270791
"c46_NK-MKI67:BF.7"	-0.0110130373420735	0.947677985007479	0.968199721848164
"c37_NK-CD3-GZMK-TCF7:BF.7"	0.293069844201059	0.0741487620006141	0.248194919681055
"c11_B-IFNG:BF.7"	0.0885560784556176	0.597012711685706	0.762433565664756
"c47_Mono-CD14-S100A:BF.7"	0.232665727285161	0.159809239663974	0.41336339127864
"c56_Mono-CD16-ISG15:BF.7"	-0.0365263179910098	0.827651752100486	0.91147488923554
"c13_B-CD3:BF.7"	0.180371882095714	0.278514360441321	0.539809501573156
"c44_NK-NFKB:BF.7"	-0.0238262010932188	0.88708931377903	0.940112397433606
"c38_NK-CD3-GZMB-ZBTB16:BF.7"	-0.0909836375801783	0.58695486634384	0.753886984294841
"c54_Mono-CD16-CX3CR1:BF.7"	-0.102874438615762	0.53881191545112	0.709129665458583
"c06_Naïve B-IGHV4:BF.7"	0.0344475081717593	0.837325272154437	0.916719750550312
"c08_Naïve B-MT:BF.7"	-0.406855873314225	0.0112455319629477	0.0988575688090477
"c57_Mono-CD16-RP:BF.7"	-0.0239197979967533	0.886648628728366	0.940112397433606
"c64_Mega:BF.7"	0.15129632900407	0.364548096647444	0.602203345494302
"c07_Naïve B-IGKV:BF.7"	0.238699680449394	0.148950741579792	0.394384942244365
"c45_NK-GZMK:BF.7"	0.320657216158276	0.0496683499398128	0.197264368555285
"c53_Mono-CD16-CXCR4:BF.7"	-0.162051683771615	0.331036419940693	0.582039720657439
"c30_CD8-KLRB1-TIGIT:BF.7"	0.309392793456649	0.0587330178204102	0.21944820184337
"c67_Myeloid-NKG7:BF.7"	0.152558652874606	0.360513180651937	0.598184833081732
"c40_NK-CD3-GZMB-ZNF683:BF.7"	0.292013716128676	0.0752459105407734	0.248456872993776
"c14_B-PPBP:BF.7"	0.311027910777113	0.0573411116937508	0.219187867225259
"c26_CD8-ZNF683-FOS:BF.7"	0.333945168410534	0.0404572498254682	0.173609654423465
"c48_Mono-CD14-VCAN:BF.7"	-0.224124666129285	0.176142962272221	0.43646043748869
"c01_Plasma-MZB1-XBP1:BF.7"	-0.388423653544902	0.0159571681598692	0.108823310844071
"c50_Mono-CD14-HLA:BF.7"	0.302939572873561	0.0644905165421491	0.225716807897522
"c32_CD4_CD8-MKI67:BF.7"	-0.2922439535084	0.0750056555865782	0.248456872993776
"c65_Myeloid-MS4A1:BF.7"	0.17636881184874	0.289498194708438	0.547699287286233
"c70_Platelet/NK cells:BF.7"	0.102552137044153	0.540091395443057	0.709979299173972
"c49_Mono-CD14-ISG15:BF.7"	0.237199345430037	0.151598869096702	0.399507607972484
"c62_pDC-GZMB:BF.7"	0.477229588839202	0.00244878997317557	0.0749119622452827
"c51_Mono-CD14-CCL3:BF.7"	0.258414267005109	0.11723166725971	0.326692258812938
"c42_NK-CD3-MKI67:BF.7"	0.226622397595142	0.171247897307393	0.429557705949001
"c02_Plasma-CD3:BF.7"	-0.3440610111212	0.0344180509558126	0.157984496190615
"c63_Mast:BF.7"	0.26614969047588	0.106281797782322	0.314078135926651
"c04_Plasma-MKI67:BF.7"	-0.412841525999473	0.00999630364256407	0.0932988339972647
"c60_cDC2:BF.7"	0.458886374822775	0.0037579393190482	0.0749119622452827
"c03_Plasma-IFNG:BF.7"	-0.397447837742528	0.0134763883095997	0.101131739282775
"c12_B-MYADM:BF.7"	0.0720249253778809	0.66740024328536	0.808095429707679
"c58_Mono-CD16-MT:BF.7"	-0.416491796267652	0.00929415004527889	0.0920004206625984
"c59_cDC1:BF.7"	0.474481962460435	0.00261493753961498	0.0749119622452827
"c61_cDC2/pDC:BF.7"	0.128831393813226	0.440789072751596	0.647878952075837
"c25_CD8-GNLY-GZMK:BQ.1"	-0.297039439253205	0.0701365481485097	0.23955583110559
"c15_CD4_Tn-CCR7:BQ.1"	0.085159300012343	0.611210709362004	0.77614058331683
"c22_CD8_Tn-CCR7:BQ.1"	0.241108214341496	0.144770580889861	0.386101327608712
"c05_Naïve B-TCLA1:BQ.1"	0.12541020470472	0.453119204867878	0.657375012243554
"c68_Platelet:BQ.1"	0.0502200465014162	0.764616043891815	0.872067178369483
"c69_Platelet/T cells:BQ.1"	0.328105030169732	0.044318263102408	0.183556272616604
"c18_CD4_Th1 like-TBX21-GZMB:BQ.1"	0.33475790924672	0.03994227320135	0.1720590230212
"c09_Memory B-IgMG:BQ.1"	0.200192861469249	0.22816747601059	0.497511630300983
"c43_NK-FCGR3A:BQ.1"	0.179657733058605	0.280453698774998	0.539967689980912
"c27_CD8-GNLY-GZMB-CX3CR1:BQ.1"	0.258972391285557	0.116414313232079	0.325960077049822
"c19_CD4_Th1 like-CXCR3-GZMK:BQ.1"	0.290725859010256	0.0766009143232186	0.251049433693368
"c34_gdT:BQ.1"	0.310238361863479	0.0580099053519977	0.21944820184337
"c17_CD4_Tfh like-CXCR5-GPR183:BQ.1"	0.15460614164906	0.354025896564669	0.596904837270791
"c10_Memory B-IgAG:BQ.1"	0.263688626499401	0.109677801869	0.317787288679946
"c35_MAIT:BQ.1"	0.250652414409991	0.129050286035655	0.353389536332355
"c20_CD4_Th2 like-CCR4-GATA3:BQ.1"	0.262347924052319	0.111562048770887	0.320002751415185
"c29_CD8-GNLY-GZMH:BQ.1"	0.259662297876334	0.115409901939784	0.325960077049822
"c39_NK-CD3-GZMB-CX3CR1:BQ.1"	0.263975378165785	0.1092779412896	0.317787288679946
"c28_CD8-GNLY-GZMB-ZNF683:BQ.1"	0.364520279520479	0.0244466830120314	0.131276367091986
"c55_Mono-CD16-CIQ:BQ.1"	0.102883996018283	0.538773996488917	0.709129665458583
"c36_T-MT-PTPRC:BQ.1"	-0.399257524126724	0.0130203628044855	0.100856825885644
"c41_NK-CD3-GZMB-LAG3:BQ.1"	0.330843796508933	0.0424721151938259	0.178160183584588
"c31_CD8-MKI67:BQ.1"	0.312032427013987	0.0564991180952947	0.217453650401134
"c24_CD8_Tem-GZMK:BQ.1"	0.261444913346691	0.112844871780925	0.321593527721721
"c23_CD8_Tcm-GPR183:BQ.1"	0.304351134374436	0.0631945088805961	0.222940345417252
"c66_Myeloid-CD3:BQ.1"	0.264639357844833	0.108356292948636	0.317787288679946
"c21_CD4_Th17 like-CCR6:BQ.1"	0.210127803248815	0.205427972732784	0.470509876197788
"c33_CD4_CD8_T:BQ.1"	0.304156356586555	0.0633721059259564	0.222940345417252
"c16_CD4_Treg-FOXP3:BQ.1"	0.305019076324752	0.0625884731855547	0.222940345417252
"c52_Mono-CD14-CD16:BQ.1"	0.175584119030787	0.29168356801014	0.549975751130231
"c46_NK-MKI67:BQ.1"	0.118709220640732	0.477800957436978	0.667253207393286
"c37_NK-CD3-GZMK-TCF7:BQ.1"	0.339052826799326	0.0373085793333217	0.165815908148097
"c11_B-IFNG:BQ.1"	0.0346045636494156	0.836593589604483	0.916719750550312
"c47_Mono-CD14-S100A:BQ.1"	0.195363876666926	0.239817861565583	0.501897113927399
"c56_Mono-CD16-ISG15:BQ.1"	0.0132108632585276	0.937255220253221	0.963150201202709
"c13_B-CD3:BQ.1"	0.120164286509649	0.472382449846717	0.666646365923578
"c44_NK-NFKB:BQ.1"	0.173877450275104	0.296473208680128	0.554804644301846
"c38_NK-CD3-GZMB-ZBTB16:BQ.1"	0.0589556161753048	0.725143832715114	0.84493871578556
"c54_Mono-CD16-CX3CR1:BQ.1"	-0.0577853994680893	0.7303936428473	0.84771075646526
"c06_Naïve B-IGHV4:BQ.1"	-0.0485177611068996	0.772380124023652	0.875572610229241
"c08_Naïve B-MT:BQ.1"	-0.391036677928458	0.0152021919757004	0.107762373498636
"c57_Mono-CD16-RP:BQ.1"	0.0308991949879174	0.853890762592384	0.927031042815407
"c64_Mega:BQ.1"	0.140749891109822	0.399304256028403	0.625566584014369
"c07_Naïve B-IGKV:BQ.1"	0.148903292485964	0.372271041442802	0.60778945541682
"c45_NK-GZMK:BQ.1"	0.341907548237593	0.0356376510482566	0.160297868168865
"c53_Mono-CD16-CXCR4:BQ.1"	-0.120058591352437	0.472774952160287	0.666646365923578
"c30_CD8-KLRB1-TIGIT:BQ.1"	0.352963697250459	0.0297328764695815	0.148003651759695
"c67_Myeloid-NKG7:BQ.1"	0.158191460513297	0.342837601619954	0.58465750341997
"c40_NK-CD3-GZMB-ZNF683:BQ.1"	0.355925811731079	0.0282957007015411	0.144708606327516
"c14_B-PPBP:BQ.1"	0.193994025954968	0.243194571688015	0.501897113927399
"c26_CD8-ZNF683-FOS:BQ.1"	0.308596170040324	0.059420811993645	0.21944820184337
"c48_Mono-CD14-VCAN:BQ.1"	-0.218095217107267	0.188369241980854	0.453145985764072
"c01_Plasma-MZB1-XBP1:BQ.1"	-0.387257124559075	0.016304262238866	0.109151455776734
"c50_Mono-CD14-HLA:BQ.1"	0.308768680406157	0.0592713286638267	0.21944820184337
"c32_CD4_CD8-MKI67:BQ.1"	-0.269900980198463	0.101259785022232	0.303639940573012
"c65_Myeloid-MS4A1:BQ.1"	0.185547633162144	0.264720713422067	0.529372213577001
"c70_Platelet/NK cells:BQ.1"	0.226871492636622	0.170765123632195	0.429557705949001
"c49_Mono-CD14-ISG15:BQ.1"	0.201356248816128	0.225419432311333	0.496011324535743
"c62_pDC-GZMB:BQ.1"	0.429941515657015	0.00705840271064075	0.0863776979796311
"c51_Mono-CD14-CCL3:BQ.1"	0.240075767408898	0.146551788991906	0.389137317533471
"c42_NK-CD3-MKI67:BQ.1"	0.324391833999642	0.0469242353167755	0.18972976012559
"c02_Plasma-CD3:BQ.1"	-0.365293493080304	0.0241228178937461	0.131153184665028
"c63_Mast:BQ.1"	0.189271270812253	0.255080798710227	0.519437262828099
"c04_Plasma-MKI67:BQ.1"	-0.389969171586823	0.0155069044401834	0.108023319811247
"c60_cDC2:BQ.1"	0.409536724336654	0.0106705265022225	0.0979589318236816
"c03_Plasma-IFNG:BQ.1"	-0.394111941450807	0.0143524493192406	0.104243223915346
"c12_B-MYADM:BQ.1"	0.0502699642302773	0.764388707915828	0.872067178369483
"c58_Mono-CD16-MT:BQ.1"	-0.402678077531728	0.0121940440642335	0.100856825885644
"c59_cDC1:BQ.1"	0.418312576157431	0.00895995458157937	0.09122862846699
"c61_cDC2/pDC:BQ.1"	0.0622906384528244	0.710250746320016	0.83833496175139
"c25_CD8-GNLY-GZMK:BQ.1.1"	-0.374540992010619	0.0205177702835653	0.118344146793337
"c15_CD4_Tn-CCR7:BQ.1.1"	0.0988083433857704	0.555059334648993	0.725122421977346
"c22_CD8_Tn-CCR7:BQ.1.1"	0.257769454251653	0.118181335769787	0.328444407102139
"c05_Naïve B-TCLA1:BQ.1.1"	0.0538545089661244	0.748115847511504	0.862914262835103
"c68_Platelet:BQ.1.1"	0.121527376907488	0.467336005776218	0.662552311986537
"c69_Platelet/T cells:BQ.1.1"	0.374075593734038	0.0206877741551389	0.118344146793337
"c18_CD4_Th1 like-TBX21-GZMB:BQ.1.1"	0.40251629491608	0.0122320990513262	0.100856825885644
"c09_Memory B-IgMG:BQ.1.1"	0.144889081715326	0.385441922216004	0.61797017095432
"c43_NK-FCGR3A:BQ.1.1"	0.270785352410339	0.100102642872651	0.302526783801407
"c27_CD8-GNLY-GZMB-CX3CR1:BQ.1.1"	0.356326154504032	0.0281059322139694	0.144397449906632
"c19_CD4_Th1 like-CXCR3-GZMK:BQ.1.1"	0.317887775456044	0.0517853183561368	0.204223790700258
"c34_gdT:BQ.1.1"	0.360235090154382	0.026307626507277	0.137189986304246
"c17_CD4_Tfh like-CXCR5-GPR183:BQ.1.1"	0.170726737438614	0.305447046347097	0.557167250665714
"c10_Memory B-IgAG:BQ.1.1"	0.236443693239923	0.152945540316115	0.39988212925085
"c35_MAIT:BQ.1.1"	0.270701443128864	0.100211997134216	0.302526783801407
"c20_CD4_Th2 like-CCR4-GATA3:BQ.1.1"	0.309896210003018	0.0583016484848076	0.21944820184337
"c29_CD8-GNLY-GZMH:BQ.1.1"	0.308430658681348	0.0595645119289147	0.21944820184337
"c39_NK-CD3-GZMB-CX3CR1:BQ.1.1"	0.37436388148697	0.0205823284393814	0.118344146793337
"c28_CD8-GNLY-GZMB-ZNF683:BQ.1.1"	0.448702795880122	0.00471991952435414	0.0749119622452827
"c55_Mono-CD16-CIQ:BQ.1.1"	0.119124529519202	0.476251081466115	0.667076075679952
"c36_T-MT-PTPRC:BQ.1.1"	-0.470179395319951	0.00289494265895479	0.0749119622452827
"c41_NK-CD3-GZMB-LAG3:BQ.1.1"	0.42568946911138	0.00770897700807243	0.0863776979796311
"c31_CD8-MKI67:BQ.1.1"	0.420076080258752	0.00864611918915046	0.0904913086835775
"c24_CD8_Tem-GZMK:BQ.1.1"	0.289302098467778	0.0781209962809014	0.253158976980913
"c23_CD8_Tcm-GPR183:BQ.1.1"	0.33660965864093	0.0387888202550112	0.169701088615674
"c66_Myeloid-CD3:BQ.1.1"	0.330862744097577	0.0424595633992114	0.178160183584588
"c21_CD4_Th17 like-CCR6:BQ.1.1"	0.228789511554362	0.167080454712062	0.425482175275035
"c33_CD4_CD8_T:BQ.1.1"	0.343359427884187	0.0348115806869261	0.159138654568805
"c16_CD4_Treg-FOXP3:BQ.1.1"	0.341503324112443	0.0358704682049216	0.160699697558049
"c52_Mono-CD14-CD16:BQ.1.1"	0.21376185378319	0.197518599514801	0.463775328001211
"c46_NK-MKI67:BQ.1.1"	0.199681342850025	0.229382938851579	0.497511630300983
"c37_NK-CD3-GZMK-TCF7:BQ.1.1"	0.398070107334344	0.0133180811981278	0.100896608074607
"c11_B-IFNG:BQ.1.1"	-0.0421704699339488	0.80151715145745	0.895970464657405
"c47_Mono-CD14-S100A:BQ.1.1"	0.274633718414252	0.095184514544325	0.293682248731802
"c56_Mono-CD16-ISG15:BQ.1.1"	0.0185251081788798	0.912099261792014	0.952050821564673
"c13_B-CD3:BQ.1.1"	0.0763205528533702	0.648806684278356	0.793300749335981
"c44_NK-NFKB:BQ.1.1"	0.194112908440178	0.242900262559128	0.501897113927399
"c38_NK-CD3-GZMB-ZBTB16:BQ.1.1"	0.127925552061186	0.444035715035988	0.650942409476841
"c54_Mono-CD16-CX3CR1:BQ.1.1"	-0.0594410264784969	0.722969801010332	0.843929550471276
"c06_Naïve B-IGHV4:BQ.1.1"	-0.14522816533581	0.384318943465391	0.61797017095432
"c08_Naïve B-MT:BQ.1.1"	-0.463648585240625	0.00336999500674239	0.0749119622452827
"c57_Mono-CD16-RP:BQ.1.1"	0.0286272197376342	0.86453055487612	0.932061422367018
"c64_Mega:BQ.1.1"	0.19651824794145	0.236997000115637	0.500954573409891
"c07_Naïve B-IGKV:BQ.1.1"	0.0826926667311262	0.621609688460095	0.779791725406736
"c45_NK-GZMK:BQ.1.1"	0.389988680751287	0.015501289872009	0.108023319811247
"c53_Mono-CD16-CXCR4:BQ.1.1"	-0.143201120757043	0.391060624955198	0.621259432552939
"c30_CD8-KLRB1-TIGIT:BQ.1.1"	0.415831841496778	0.00941788236309615	0.0920004206625984
"c67_Myeloid-NKG7:BQ.1.1"	0.241098073920762	0.144787997853267	0.386101327608712
"c40_NK-CD3-GZMB-ZNF683:BQ.1.1"	0.45049782557553	0.00453630172797556	0.0749119622452827
"c14_B-PPBP:BQ.1.1"	0.129612826118888	0.437998830058603	0.647878952075837
"c26_CD8-ZNF683-FOS:BQ.1.1"	0.350154615014119	0.0311507968325001	0.151034166460607
"c48_Mono-CD14-VCAN:BQ.1.1"	-0.224988556226394	0.174438736987586	0.433195976554538
"c01_Plasma-MZB1-XBP1:BQ.1.1"	-0.451434984673675	0.00444292241926604	0.0749119622452827
"c50_Mono-CD14-HLA:BQ.1.1"	0.364400658305243	0.0244971077877009	0.131276367091986
"c32_CD4_CD8-MKI67:BQ.1.1"	-0.267565942942699	0.104364048613494	0.311282032013985
"c65_Myeloid-MS4A1:BQ.1.1"	0.197028124464372	0.23575822735369	0.500954573409891
"c70_Platelet/NK cells:BQ.1.1"	0.326005537787713	0.0457769481176467	0.187117452159724
"c49_Mono-CD14-ISG15:BQ.1.1"	0.284026906690298	0.0839588667303082	0.264140254881869
"c62_pDC-GZMB:BQ.1.1"	0.439154835374649	0.00580874907824049	0.0813224870953668
"c51_Mono-CD14-CCL3:BQ.1.1"	0.311771487053198	0.0567168867738903	0.217544223242319
"c42_NK-CD3-MKI67:BQ.1.1"	0.434405988365808	0.00642667251943202	0.0842312975175615
"c02_Plasma-CD3:BQ.1.1"	-0.414762763526963	0.00962130400777218	0.0920004206625984
"c63_Mast:BQ.1.1"	0.161903326568972	0.331485260555936	0.582039720657439
"c04_Plasma-MKI67:BQ.1.1"	-0.451720392003549	0.0044148174491341	0.0749119622452827
"c60_cDC2:BQ.1.1"	0.45791134330298	0.00384199170652347	0.0749119622452827
"c03_Plasma-IFNG:BQ.1.1"	-0.45730732287248	0.00389487718498873	0.0749119622452827
"c12_B-MYADM:BQ.1.1"	-0.0339785399518789	0.839510878529602	0.918215023391752
"c58_Mono-CD16-MT:BQ.1.1"	-0.468683775673362	0.00299823166529077	0.0749119622452827
"c59_cDC1:BQ.1.1"	0.47776663208299	0.00241741823682466	0.0749119622452827
"c61_cDC2/pDC:BQ.1.1"	0.00589802414032824	0.971965248751517	0.98426860633065
"c25_CD8-GNLY-GZMK:XBB"	-0.378060223619097	0.019269616270362	0.114855586435565
"c15_CD4_Tn-CCR7:XBB"	0.0398692936629509	0.812148521355808	0.905982414261459
"c22_CD8_Tn-CCR7:XBB"	0.178681009766326	0.283120268750011	0.542970378424678
"c05_Naïve B-TCLA1:XBB"	0.0359739176717161	0.830219907690631	0.912508632594217
"c68_Platelet:XBB"	0.0819751910526597	0.624648220434059	0.780066487871089
"c69_Platelet/T cells:XBB"	0.289221225499554	0.0782080411030319	0.253158976980913
"c18_CD4_Th1 like-TBX21-GZMB:XBB"	0.314728267916422	0.054288076162799	0.210389776132647
"c09_Memory B-IgMG:XBB"	0.124032316727968	0.458137323464747	0.65762217686997
"c43_NK-FCGR3A:XBB"	0.182848764223283	0.271856010962841	0.53484976438106
"c27_CD8-GNLY-GZMB-CX3CR1:XBB"	0.236318697129027	0.153169137007692	0.39988212925085
"c19_CD4_Th1 like-CXCR3-GZMK:XBB"	0.241312543194052	0.144419957604719	0.386101327608712
"c34_gdT:XBB"	0.262354067980867	0.111553358566169	0.320002751415185
"c17_CD4_Tfh like-CXCR5-GPR183:XBB"	0.106801296662141	0.523340890387631	0.69861954378325
"c10_Memory B-IgAG:XBB"	0.196125818935401	0.237953422369698	0.500954573409891
"c35_MAIT:XBB"	0.183150405258715	0.271052331306009	0.53484976438106
"c20_CD4_Th2 like-CCR4-GATA3:XBB"	0.215458709831682	0.193899516234257	0.460100546996542
"c29_CD8-GNLY-GZMH:XBB"	0.213835020167209	0.197361579336903	0.463775328001211
"c39_NK-CD3-GZMB-CX3CR1:XBB"	0.272063041007097	0.0984487356896666	0.300443008099255
"c28_CD8-GNLY-GZMB-ZNF683:XBB"	0.362093607152565	0.0254866198743073	0.135284427768835
"c55_Mono-CD16-CIQ:XBB"	0.231095277546579	0.162727045715047	0.418014429359754
"c36_T-MT-PTPRC:XBB"	-0.419622380870514	0.00872594762305926	0.0904913086835775
"c41_NK-CD3-GZMB-LAG3:XBB"	0.32461647780279	0.0467631476025235	0.18972976012559
"c31_CD8-MKI67:XBB"	0.296804128708452	0.070369525387267	0.23955583110559
"c24_CD8_Tem-GZMK:XBB"	0.203681097537542	0.219995906370272	0.487911713138029
"c23_CD8_Tcm-GPR183:XBB"	0.259001253349015	0.116372162598236	0.325960077049822
"c66_Myeloid-CD3:XBB"	0.383101465875428	0.017592804878931	0.109433901331776
"c21_CD4_Th17 like-CCR6:XBB"	0.16275820261937	0.328904082710345	0.580114287615097
"c33_CD4_CD8_T:XBB"	0.257110472550612	0.119157829852338	0.32992714813598
"c16_CD4_Treg-FOXP3:XBB"	0.262000030556976	0.112054957398481	0.320157021138517
"c52_Mono-CD14-CD16:XBB"	0.29971516434388	0.0675297655810468	0.233436226699915
"c46_NK-MKI67:XBB"	0.12115333786172	0.468717919433153	0.663671390347828
"c37_NK-CD3-GZMK-TCF7:XBB"	0.290558952488821	0.076777908389587	0.251049433693368
"c11_B-IFNG:XBB"	-0.066392532286464	0.692077886925269	0.829013083803531
"c47_Mono-CD14-S100A:XBB"	0.299866167273138	0.0673849606217676	0.233436226699915
"c56_Mono-CD16-ISG15:XBB"	0.135656683658596	0.41674963334648	0.637649712224123
"c13_B-CD3:XBB"	0.0279091744984948	0.867898191400769	0.934659590739289
"c44_NK-NFKB:XBB"	0.133413969570637	0.424565797169276	0.641718883710646
"c38_NK-CD3-GZMB-ZBTB16:XBB"	0.0499022848814815	0.766063652721575	0.872611216435981
"c54_Mono-CD16-CX3CR1:XBB"	0.0599335394667233	0.720766144668568	0.842649354936113
"c06_Naïve B-IGHV4:XBB"	-0.1503530711567	0.367580709861078	0.603651605636961
"c08_Naïve B-MT:XBB"	-0.401223544117063	0.01253981786484	0.100856825885644
"c57_Mono-CD16-RP:XBB"	0.159925252964793	0.337505697866325	0.582444347627557
"c64_Mega:XBB"	0.2644247799656	0.108653494970802	0.317787288679946
"c07_Naïve B-IGKV:XBB"	0.0616994630070539	0.712883204916022	0.838686123430614
"c45_NK-GZMK:XBB"	0.291843033135448	0.0754244078731107	0.248456872993776
"c53_Mono-CD16-CXCR4:XBB"	-0.0111264759702016	0.947139799550574	0.968199721848164
"c30_CD8-KLRB1-TIGIT:XBB"	0.328936616536508	0.0437509797299197	0.182834778390037
"c67_Myeloid-NKG7:XBB"	0.269798863905837	0.101394051584202	0.303639940573012
"c40_NK-CD3-GZMB-ZNF683:XBB"	0.366903523228999	0.0234598667881454	0.129433747796664
"c14_B-PPBP:XBB"	0.117287398114521	0.483126943915207	0.670510752397809
"c26_CD8-ZNF683-FOS:XBB"	0.262851245606434	0.110851825556994	0.319984651092355
"c48_Mono-CD14-VCAN:XBB"	-0.12596858327888	0.451094144971966	0.656136938141042
"c01_Plasma-MZB1-XBP1:XBB"	-0.408014751772077	0.010993816119361	0.0985891458114294
"c50_Mono-CD14-HLA:XBB"	0.40028907283164	0.0127663177506629	0.100856825885644
"c32_CD4_CD8-MKI67:XBB"	-0.293565851988685	0.0736378286063604	0.247670774892263
"c65_Myeloid-MS4A1:XBB"	0.305777866209753	0.0619056026388326	0.222940345417252
"c70_Platelet/NK cells:XBB"	0.218283211569882	0.187979210407492	0.453145985764072
"c49_Mono-CD14-ISG15:XBB"	0.305493848412151	0.0621605088812244	0.222940345417252
"c62_pDC-GZMB:XBB"	0.407563390680403	0.0110912789037858	0.0985891458114294
"c51_Mono-CD14-CCL3:XBB"	0.342980583335983	0.0350256056766902	0.159466172186557
"c42_NK-CD3-MKI67:XBB"	0.321510644482346	0.0490301825244526	0.196823671782749
"c02_Plasma-CD3:XBB"	-0.394099483076842	0.0143558090983857	0.104243223915346
"c63_Mast:XBB"	0.116745968131511	0.48516316366529	0.671672117806087
"c04_Plasma-MKI67:XBB"	-0.415302601553206	0.00951812111296675	0.0920004206625984
"c60_cDC2:XBB"	0.459769789602815	0.00368317061988984	0.0749119622452827
"c03_Plasma-IFNG:XBB"	-0.411763505796831	0.0102121248126485	0.0945254528112923
"c12_B-MYADM:XBB"	-0.030641388735772	0.85509684101936	0.927031042815407
"c58_Mono-CD16-MT:XBB"	-0.402146672921942	0.0123194207481321	0.100856825885644
"c59_cDC1:XBB"	0.443761353689817	0.00525903068764661	0.0768939773047401
"c61_cDC2/pDC:XBB"	0.122899718920001	0.462284370401543	0.658890122399131
"c25_CD8-GNLY-GZMK:SARS-COV-2"	-0.315354161973312	0.0537847587614226	0.209162950738866
"c15_CD4_Tn-CCR7:SARS-COV-2"	0.230656309852995	0.163549459744032	0.419165663417198
"c22_CD8_Tn-CCR7:SARS-COV-2"	0.345251344167888	0.0337587019178755	0.155595663160579
"c05_Naïve B-TCLA1:SARS-COV-2"	0.124146926287847	0.457718793090656	0.65762217686997
"c68_Platelet:SARS-COV-2"	0.0614905065412794	0.713814457706836	0.838900516927236
"c69_Platelet/T cells:SARS-COV-2"	0.443521848405465	0.00528646093970088	0.0768939773047401
"c18_CD4_Th1 like-TBX21-GZMB:SARS-COV-2"	0.44519840822804	0.00509701695472986	0.0761489467118821
"c09_Memory B-IgMG:SARS-COV-2"	0.218012470273933	0.188541097648266	0.453145985764072
"c43_NK-FCGR3A:SARS-COV-2"	0.227373266576323	0.169795595681383	0.429280061316363
"c27_CD8-GNLY-GZMB-CX3CR1:SARS-COV-2"	0.34857181385759	0.0319739020265181	0.151860331496748
"c19_CD4_Th1 like-CXCR3-GZMK:SARS-COV-2"	0.400009970882488	0.0128346357538955	0.100856825885644
"c34_gdT:SARS-COV-2"	0.426740768922334	0.00754351901772904	0.0863776979796311
"c17_CD4_Tfh like-CXCR5-GPR183:SARS-COV-2"	0.285342380015182	0.0824723859173978	0.261668759851234
"c10_Memory B-IgAG:SARS-COV-2"	0.307538482958458	0.0603438757053483	0.220147038403877
"c35_MAIT:SARS-COV-2"	0.365656339527801	0.0239720697835185	0.130969356866052
"c20_CD4_Th2 like-CCR4-GATA3:SARS-COV-2"	0.388170343684654	0.0160320056154212	0.108823310844071
"c29_CD8-GNLY-GZMH:SARS-COV-2"	0.366138158337904	0.0237731030281077	0.130518997017062
"c39_NK-CD3-GZMB-CX3CR1:SARS-COV-2"	0.332987424371113	0.0410710087426272	0.174903155101682
"c28_CD8-GNLY-GZMB-ZNF683:SARS-COV-2"	0.470665908501388	0.00286202046006952	0.0749119622452827
"c55_Mono-CD16-CIQ:SARS-COV-2"	0.0836618753071677	0.617514857040247	0.779725636849016
"c36_T-MT-PTPRC:SARS-COV-2"	-0.495392469632373	0.00156490957841312	0.0749119622452827
"c41_NK-CD3-GZMB-LAG3:SARS-COV-2"	0.426052792719796	0.00765144702714471	0.0863776979796311
"c31_CD8-MKI67:SARS-COV-2"	0.401936842318685	0.0123692271824509	0.100856825885644
"c24_CD8_Tem-GZMK:SARS-COV-2"	0.372509517382966	0.0212684993344901	0.120306662902166
"c23_CD8_Tcm-GPR183:SARS-COV-2"	0.414663353121391	0.00964040869800863	0.0920004206625984
"c66_Myeloid-CD3:SARS-COV-2"	0.305448042788453	0.062201697218818	0.222940345417252
"c21_CD4_Th17 like-CCR6:SARS-COV-2"	0.327157723789325	0.0449717126697603	0.185177640404895
"c33_CD4_CD8_T:SARS-COV-2"	0.417652996764927	0.00907981067419122	0.091616107703551
"c16_CD4_Treg-FOXP3:SARS-COV-2"	0.414243231599085	0.00972150556156253	0.0920004206625984
"c52_Mono-CD14-CD16:SARS-COV-2"	0.173275436059696	0.298174668612608	0.554900098428439
"c46_NK-MKI67:SARS-COV-2"	0.134118106102326	0.42210299475603	0.641459096508485
"c37_NK-CD3-GZMK-TCF7:SARS-COV-2"	0.448425194505642	0.00474888332090631	0.0749119622452827
"c11_B-IFNG:SARS-COV-2"	0.0307579583106737	0.854551460743184	0.927031042815407
"c47_Mono-CD14-S100A:SARS-COV-2"	0.212544811022145	0.200143306299004	0.466268491107629
"c56_Mono-CD16-ISG15:SARS-COV-2"	-0.0378376866917454	0.821562198058232	0.910946507667814
"c13_B-CD3:SARS-COV-2"	0.160171836033713	0.33675155266609	0.582039720657439
"c44_NK-NFKB:SARS-COV-2"	0.213237625383252	0.198646191275786	0.464475436803507
"c38_NK-CD3-GZMB-ZBTB16:SARS-COV-2"	0.0855295344465021	0.609656246558761	0.77614058331683
"c54_Mono-CD16-CX3CR1:SARS-COV-2"	-0.111435408784194	0.50536880576741	0.68441724602116
"c06_Naïve B-IGHV4:SARS-COV-2"	-0.0802027791036981	0.632180600044703	0.781106641893558
"c08_Naïve B-MT:SARS-COV-2"	-0.498545329657496	0.00144424299584479	0.0749119622452827
"c57_Mono-CD16-RP:SARS-COV-2"	0.0010004313870235	0.995243794498294	0.998810976557427
"c64_Mega:SARS-COV-2"	0.13895255722157	0.40541189658061	0.629791748565307
"c07_Naïve B-IGKV:SARS-COV-2"	0.153861724708255	0.356376295304617	0.596904837270791
"c45_NK-GZMK:SARS-COV-2"	0.448644251587943	0.00472601502900847	0.0749119622452827
"c53_Mono-CD16-CXCR4:SARS-COV-2"	-0.19711678771138	0.235543263764835	0.500954573409891
"c30_CD8-KLRB1-TIGIT:SARS-COV-2"	0.463511980745172	0.00338061691824502	0.0749119622452827
"c67_Myeloid-NKG7:SARS-COV-2"	0.119339504462132	0.475449861901973	0.667076075679952
"c40_NK-CD3-GZMB-ZNF683:SARS-COV-2"	0.449894314021768	0.0045973327923753	0.0749119622452827
"c14_B-PPBP:SARS-COV-2"	0.196261262895484	0.237623025843803	0.500954573409891
"c26_CD8-ZNF683-FOS:SARS-COV-2"	0.424231018388529	0.00794366329634107	0.0863776979796311
"c48_Mono-CD14-VCAN:SARS-COV-2"	-0.316213549312673	0.0530997599729617	0.207218575504241
"c01_Plasma-MZB1-XBP1:SARS-COV-2"	-0.487871003019418	0.00188930983055869	0.0749119622452827
"c50_Mono-CD14-HLA:SARS-COV-2"	0.349200205493311	0.0316450081211969	0.151794057225911
"c32_CD4_CD8-MKI67:SARS-COV-2"	-0.327965447074476	0.0444140623920534	0.183556272616604
"c65_Myeloid-MS4A1:SARS-COV-2"	0.173440264979712	0.297708196513904	0.554900098428439
"c70_Platelet/NK cells:SARS-COV-2"	0.302157132995555	0.0652178992212035	0.227551548684573
"c49_Mono-CD14-ISG15:SARS-COV-2"	0.21973691168791	0.184982478984044	0.449415133323491
"c62_pDC-GZMB:SARS-COV-2"	0.481272237700212	0.00222114952276633	0.0749119622452827
"c51_Mono-CD14-CCL3:SARS-COV-2"	0.2662625369857	0.10612801832394	0.314078135926651
"c42_NK-CD3-MKI67:SARS-COV-2"	0.40605598556082	0.0114221162323019	0.0991687610866519
"c02_Plasma-CD3:SARS-COV-2"	-0.453011651327109	0.00428958164948314	0.0749119622452827
"c63_Mast:SARS-COV-2"	0.265425595512998	0.107272572666832	0.316171793123295
"c04_Plasma-MKI67:SARS-COV-2"	-0.488711988954671	0.00185032008136446	0.0749119622452827
"c60_cDC2:SARS-COV-2"	0.401575901828357	0.0124553012666975	0.100856825885644
"c03_Plasma-IFNG:SARS-COV-2"	-0.490729338615992	0.00175966233722578	0.0749119622452827
"c12_B-MYADM:SARS-COV-2"	0.0421582369355126	0.801573576416714	0.895970464657405
"c58_Mono-CD16-MT:SARS-COV-2"	-0.501007583975042	0.00135579298529963	0.0749119622452827
"c59_cDC1:SARS-COV-2"	0.446330783347958	0.00497241227125255	0.0761489467118821
"c61_cDC2/pDC:SARS-COV-2"	-0.0903777626503963	0.589458075921531	0.756234874034496
"c25_CD8-GNLY-GZMK:SARS-COV-1"	-0.0192658423168657	0.908598993771281	0.950168882375196
"c15_CD4_Tn-CCR7:SARS-COV-1"	0.109101521951441	0.514381036553062	0.691604755029327
"c22_CD8_Tn-CCR7:SARS-COV-1"	0.150457833475121	0.367243153823099	0.603651605636961
"c05_Naïve B-TCLA1:SARS-COV-1"	0.0593520407721119	0.723368186118237	0.843929550471276
"c68_Platelet:SARS-COV-1"	-0.0319208114531767	0.849114640240955	0.925105444620496
"c69_Platelet/T cells:SARS-COV-1"	0.153519038718987	0.357461439429576	0.596904837270791
"c18_CD4_Th1 like-TBX21-GZMB:SARS-COV-1"	0.153917416978886	0.356200129047621	0.596904837270791
"c09_Memory B-IgMG:SARS-COV-1"	0.0801144616884778	0.632556896604872	0.781106641893558
"c43_NK-FCGR3A:SARS-COV-1"	0.0371640844031546	0.824688917413706	0.91147488923554
"c27_CD8-GNLY-GZMB-CX3CR1:SARS-COV-1"	0.135200215333474	0.418333864210494	0.638618322443783
"c19_CD4_Th1 like-CXCR3-GZMK:SARS-COV-1"	0.138947710596498	0.405428438138917	0.629791748565307
"c34_gdT:SARS-COV-1"	0.143255969365306	0.390877305651084	0.621259432552939
"c17_CD4_Tfh like-CXCR5-GPR183:SARS-COV-1"	0.128948962464992	0.440368650606202	0.647878952075837
"c10_Memory B-IgAG:SARS-COV-1"	0.1142226487653	0.49471130538635	0.675891643848725
"c35_MAIT:SARS-COV-1"	0.117577437664254	0.482037988747643	0.670510752397809
"c20_CD4_Th2 like-CCR4-GATA3:SARS-COV-1"	0.151974532180156	0.362376927304327	0.600387808551547
"c29_CD8-GNLY-GZMH:SARS-COV-1"	0.146681156797086	0.379528666962734	0.614797370113152
"c39_NK-CD3-GZMB-CX3CR1:SARS-COV-1"	0.0680311447012037	0.684864772789062	0.822687649920719
"c28_CD8-GNLY-GZMB-ZNF683:SARS-COV-1"	0.143662393213526	0.389520482240193	0.621259432552939
"c55_Mono-CD16-CIQ:SARS-COV-1"	-0.0304807946654437	0.855848302027796	0.927031042815407
"c36_T-MT-PTPRC:SARS-COV-1"	-0.122524495227121	0.463662674939699	0.659012939000587
"c41_NK-CD3-GZMB-LAG3:SARS-COV-1"	0.116238547488508	0.487075512384663	0.672656687880176
"c31_CD8-MKI67:SARS-COV-1"	0.153442510166939	0.357704045368491	0.596904837270791
"c24_CD8_Tem-GZMK:SARS-COV-1"	0.137156677431859	0.411567643538884	0.634051940527578
"c23_CD8_Tcm-GPR183:SARS-COV-1"	0.145094632759768	0.384760948300026	0.61797017095432
"c66_Myeloid-CD3:SARS-COV-1"	0.0329021892455495	0.84453162338923	0.922805286044817
"c21_CD4_Th17 like-CCR6:SARS-COV-1"	0.129797705684456	0.437340110863936	0.647878952075837
"c33_CD4_CD8_T:SARS-COV-1"	0.158189063989084	0.342845007098212	0.58465750341997
"c16_CD4_Treg-FOXP3:SARS-COV-1"	0.151413343232718	0.364172937923051	0.602203345494302
"c52_Mono-CD14-CD16:SARS-COV-1"	-0.0174399879204294	0.91722982539624	0.95562549250585
"c46_NK-MKI67:SARS-COV-1"	0.0309623753904345	0.85359523955008	0.927031042815407
"c37_NK-CD3-GZMK-TCF7:SARS-COV-1"	0.122950332677831	0.462098619252464	0.658890122399131
"c11_B-IFNG:SARS-COV-1"	0.0497733444266688	0.766651283011612	0.872611216435981
"c47_Mono-CD14-S100A:SARS-COV-1"	0.00499517055707306	0.976255409520315	0.986736154314798
"c56_Mono-CD16-ISG15:SARS-COV-1"	-0.0819512592266549	0.624749678232471	0.780066487871089
"c13_B-CD3:SARS-COV-1"	0.104872594454554	0.530912223516455	0.704528069121362
"c44_NK-NFKB:SARS-COV-1"	0.011051340282827	0.94749626227901	0.968199721848164
"c38_NK-CD3-GZMB-ZBTB16:SARS-COV-1"	-0.0242339132486687	0.885169916727913	0.940112397433606
"c54_Mono-CD16-CX3CR1:SARS-COV-1"	-0.083336982743675	0.618886243125978	0.779791725406736
"c06_Naïve B-IGHV4:SARS-COV-1"	0.0207542438415837	0.901570896486025	0.946353705777271
"c08_Naïve B-MT:SARS-COV-1"	-0.130933176277316	0.433306467108553	0.646209378377603
"c57_Mono-CD16-RP:SARS-COV-1"	-0.0543081708031247	0.746063823186617	0.862323510803933
"c64_Mega:SARS-COV-1"	-0.027706637722292	0.868848507960045	0.934784177632325
"c07_Naïve B-IGKV:SARS-COV-1"	0.0657811888658376	0.694775906572031	0.830468532935619
"c45_NK-GZMK:SARS-COV-1"	0.133418197467408	0.424550985634438	0.641718883710646
"c53_Mono-CD16-CXCR4:SARS-COV-1"	-0.120759705970487	0.470174555648328	0.664893311017838
"c30_CD8-KLRB1-TIGIT:SARS-COV-1"	0.128949809826481	0.440365621265243	0.647878952075837
"c67_Myeloid-NKG7:SARS-COV-1"	-0.0489070361581615	0.770602694817018	0.874442774260447
"c40_NK-CD3-GZMB-ZNF683:SARS-COV-1"	0.098699950674765	0.555495569693359	0.725122421977346
"c14_B-PPBP:SARS-COV-1"	0.0603306032324138	0.718991172310165	0.84145257365453
"c26_CD8-ZNF683-FOS:SARS-COV-1"	0.143414075821329	0.390349149683834	0.621259432552939
"c48_Mono-CD14-VCAN:SARS-COV-1"	-0.161261639931033	0.333430958777567	0.582039720657439
"c01_Plasma-MZB1-XBP1:SARS-COV-1"	-0.119944217735092	0.473199875811825	0.666646365923578
"c50_Mono-CD14-HLA:SARS-COV-1"	0.0432236942336409	0.796662878570048	0.894050525048551
"c32_CD4_CD8-MKI67:SARS-COV-1"	0.012010958887543	0.94294436874051	0.967122429477446
"c65_Myeloid-MS4A1:SARS-COV-1"	-0.0286476389386399	0.864434822860146	0.932061422367018
"c70_Platelet/NK cells:SARS-COV-1"	0.0648148426202626	0.699048197684642	0.832023359624654
"c49_Mono-CD14-ISG15:SARS-COV-1"	0.00262496920749184	0.987520906994726	0.993731730309158
"c62_pDC-GZMB:SARS-COV-1"	0.11291231712126	0.499707209630625	0.679717914080265
"c51_Mono-CD14-CCL3:SARS-COV-1"	0.0156535588744522	0.925683351107339	0.95902128628876
"c42_NK-CD3-MKI67:SARS-COV-1"	0.11288490337482	0.499812003233417	0.679717914080265
"c02_Plasma-CD3:SARS-COV-1"	-0.115042264711526	0.491599404754499	0.674690489352482
"c63_Mast:SARS-COV-1"	0.119455160073466	0.475019102303301	0.667076075679952
"c04_Plasma-MKI67:SARS-COV-1"	-0.0949322060046833	0.57075791177893	0.740200810845555
"c60_cDC2:SARS-COV-1"	0.0381785810567173	0.819980869250268	0.910946507667814
"c03_Plasma-IFNG:SARS-COV-1"	-0.122868305963005	0.462399675183676	0.658890122399131
"c12_B-MYADM:SARS-COV-1"	0.0190042066108394	0.90983513747218	0.950574024224665
"c58_Mono-CD16-MT:SARS-COV-1"	-0.124080556994388	0.45796113495394	0.65762217686997
"c59_cDC1:SARS-COV-1"	0.0732221684527281	0.662197708248953	0.804405025204801
"c61_cDC2/pDC:SARS-COV-1"	-0.136073838674448	0.415304812549915	0.636308331129829
"c25_CD8-GNLY-GZMK:MERS-CoV"	-0.221925716838309	0.18053446224961	0.444392522460577
"c15_CD4_Tn-CCR7:MERS-CoV"	-0.0621510592651067	0.710871984485606	0.83833496175139
"c22_CD8_Tn-CCR7:MERS-CoV"	-0.0257311972548279	0.878126729741383	0.940112397433606
"c05_Naïve B-TCLA1:MERS-CoV"	-0.177005999411589	0.287731413575226	0.545583727403197
"c68_Platelet:MERS-CoV"	0.213938498517877	0.197139656946593	0.463775328001211
"c69_Platelet/T cells:MERS-CoV"	0.0467820956560064	0.780318977218961	0.880763282339615
"c18_CD4_Th1 like-TBX21-GZMB:MERS-CoV"	0.108093952933217	0.518296303871579	0.694873731961016
"c09_Memory B-IgMG:MERS-CoV"	-0.132273752653348	0.428570847649091	0.643685551522978
"c43_NK-FCGR3A:MERS-CoV"	0.140664831847994	0.399592100621953	0.625566584014369
"c27_CD8-GNLY-GZMB-CX3CR1:MERS-CoV"	0.13684896189705	0.412627704346024	0.634811852840036
"c19_CD4_Th1 like-CXCR3-GZMK:MERS-CoV"	-0.0230394423707507	0.890794942097457	0.94121729731052
"c34_gdT:MERS-CoV"	0.0192711149405189	0.908574084506461	0.950168882375196
"c17_CD4_Tfh like-CXCR5-GPR183:MERS-CoV"	-0.0156278891146581	0.925804883270347	0.95902128628876
"c10_Memory B-IgAG:MERS-CoV"	-0.0711765714153267	0.671096013111788	0.810817189520176
"c35_MAIT:MERS-CoV"	-0.0813769462280133	0.627186489401582	0.780168830451801
"c20_CD4_Th2 like-CCR4-GATA3:MERS-CoV"	0.0147978179141946	0.929735691323579	0.959727165237243
"c29_CD8-GNLY-GZMH:MERS-CoV"	0.0475982822941277	0.776582991466481	0.879242058862578
"c39_NK-CD3-GZMB-CX3CR1:MERS-CoV"	0.165957596228231	0.319355071158213	0.568305795216125
"c28_CD8-GNLY-GZMB-ZNF683:MERS-CoV"	0.153136272554017	0.358675853110038	0.596904837270791
"c55_Mono-CD16-CIQ:MERS-CoV"	0.167210464374166	0.315663558076779	0.564441885470707
"c36_T-MT-PTPRC:MERS-CoV"	-0.157367463121611	0.345389597081034	0.587005081533776
"c41_NK-CD3-GZMB-LAG3:MERS-CoV"	0.130065502241011	0.436386930516018	0.647878952075837
"c31_CD8-MKI67:MERS-CoV"	0.212180103217945	0.200934571307087	0.466901908431405
"c24_CD8_Tem-GZMK:MERS-CoV"	-0.0243920711584296	0.884425525713282	0.940112397433606
"c23_CD8_Tcm-GPR183:MERS-CoV"	0.00186454483223583	0.991135789923288	0.996474043728979
"c66_Myeloid-CD3:MERS-CoV"	0.216936224630159	0.190786429087081	0.455609382894523
"c21_CD4_Th17 like-CCR6:MERS-CoV"	-0.0319734927287527	0.848868494145979	0.925105444620496
"c33_CD4_CD8_T:MERS-CoV"	0.0245948789016804	0.883471127418632	0.940112397433606
"c16_CD4_Treg-FOXP3:MERS-CoV"	0.015124190510334	0.928189950592142	0.959727165237243
"c52_Mono-CD14-CD16:MERS-CoV"	0.184603205436846	0.267203403469424	0.531717583531908
"c46_NK-MKI67:MERS-CoV"	0.172636409295022	0.29998755560664	0.554900098428439
"c37_NK-CD3-GZMK-TCF7:MERS-CoV"	-0.00761353489924601	0.963815758750125	0.98025270177362
"c11_B-IFNG:MERS-CoV"	-0.229426098696219	0.165870259423508	0.424143129119472
"c47_Mono-CD14-S100A:MERS-CoV"	0.188728713808328	0.256470646519464	0.521319644467875
"c56_Mono-CD16-ISG15:MERS-CoV"	0.128930716222775	0.440433884207529	0.647878952075837
"c13_B-CD3:MERS-CoV"	-0.14695652871551	0.378624791321714	0.614797370113152
"c44_NK-NFKB:MERS-CoV"	-0.159532660048189	0.338708539589586	0.582724369186384
"c38_NK-CD3-GZMB-ZBTB16:MERS-CoV"	0.0323011375684752	0.847337935859985	0.924969286708755
"c54_Mono-CD16-CX3CR1:MERS-CoV"	0.123019561189216	0.461844617063923	0.658890122399131
"c06_Naïve B-IGHV4:MERS-CoV"	-0.244496075162397	0.139037314232427	0.377050343681158
"c08_Naïve B-MT:MERS-CoV"	-0.132225569450798	0.428740554853698	0.643685551522978
"c57_Mono-CD16-RP:MERS-CoV"	0.131871272743214	0.429989580518951	0.644696559814224
"c64_Mega:MERS-CoV"	0.194137730882192	0.242838841630857	0.501897113927399
"c07_Naïve B-IGKV:MERS-CoV"	-0.169672721603224	0.30848718563494	0.558853046678863
"c45_NK-GZMK:MERS-CoV"	-0.0138836404729923	0.934066681865039	0.963150201202709
"c53_Mono-CD16-CXCR4:MERS-CoV"	0.0678908353537963	0.68548134437327	0.822687649920719
"c30_CD8-KLRB1-TIGIT:MERS-CoV"	0.0607325015196677	0.717196065441564	0.84145257365453
"c67_Myeloid-NKG7:MERS-CoV"	0.253794468973101	0.124163654461437	0.341678852572012
"c40_NK-CD3-GZMB-ZNF683:MERS-CoV"	0.164547323899876	0.323542588508036	0.573366612545887
"c14_B-PPBP:MERS-CoV"	-0.136088533938896	0.415253967079889	0.636308331129829
"c26_CD8-ZNF683-FOS:MERS-CoV"	-0.00709906075291409	0.966259412195404	0.981151896336222
"c48_Mono-CD14-VCAN:MERS-CoV"	0.0246663640382054	0.883134762167259	0.940112397433606
"c01_Plasma-MZB1-XBP1:MERS-CoV"	-0.0927056505297619	0.57986614699851	0.74735337702915
"c50_Mono-CD14-HLA:MERS-CoV"	0.175751427190089	0.291216725863231	0.549975751130231
"c32_CD4_CD8-MKI67:MERS-CoV"	0.0913527786182608	0.585432052965165	0.752794373502853
"c65_Myeloid-MS4A1:MERS-CoV"	0.115662662531947	0.489250600913587	0.673998367802235
"c70_Platelet/NK cells:MERS-CoV"	0.140569225260387	0.3999157804949	0.625566584014369
"c49_Mono-CD14-ISG15:MERS-CoV"	0.18364248548136	0.269744602640273	0.53484976438106
"c62_pDC-GZMB:MERS-CoV"	0.0346714264425112	0.836282133464327	0.916719750550312
"c51_Mono-CD14-CCL3:MERS-CoV"	0.187081572078243	0.260720871486059	0.524993073853582
"c42_NK-CD3-MKI67:MERS-CoV"	0.185380574785997	0.265158760550623	0.529372213577001
"c02_Plasma-CD3:MERS-CoV"	-0.0617035267528272	0.712865098145327	0.838686123430614
"c63_Mast:MERS-CoV"	-0.072321629789596	0.666109495866836	0.807405449535558
"c04_Plasma-MKI67:MERS-CoV"	-0.104065444161513	0.534096498126061	0.706337542871127
"c60_cDC2:MERS-CoV"	0.198485298128135	0.232242157575365	0.497511630300983
"c03_Plasma-IFNG:MERS-CoV"	-0.104047405674842	0.53416776679629	0.706337542871127
"c12_B-MYADM:MERS-CoV"	-0.264147961069734	0.109037815824558	0.317787288679946
"c58_Mono-CD16-MT:MERS-CoV"	-0.107917232570792	0.518984530977762	0.694873731961016
"c59_cDC1:MERS-CoV"	0.19496208719143	0.240804983154139	0.501897113927399
"c61_cDC2/pDC:MERS-CoV"	0.0972548379782428	0.561326804542175	0.731349583928281
"c25_CD8-GNLY-GZMK:HCoV_HKU1"	-0.0564266266173259	0.736504548305776	0.85303525760338
"c15_CD4_Tn-CCR7:HCoV_HKU1"	0.0787126131133426	0.63854194214968	0.785238959002702
"c22_CD8_Tn-CCR7:HCoV_HKU1"	0.169541813018554	0.308866103476979	0.558853046678863
"c05_Naïve B-TCLA1:HCoV_HKU1"	0.172547413626695	0.300240588971102	0.554900098428439
"c68_Platelet:HCoV_HKU1"	-0.0998078666744266	0.551044248212083	0.721835740347992
"c69_Platelet/T cells:HCoV_HKU1"	0.169774033800422	0.308194137372041	0.558853046678863
"c18_CD4_Th1 like-TBX21-GZMB:HCoV_HKU1"	0.125219265344298	0.453812806474644	0.657529551425098
"c09_Memory B-IgMG:HCoV_HKU1"	0.186824595915624	0.261388145683809	0.524993073853582
"c43_NK-FCGR3A:HCoV_HKU1"	-0.0543504056371201	0.745872872105562	0.862323510803933
"c27_CD8-GNLY-GZMB-CX3CR1:HCoV_HKU1"	0.0059418710759709	0.971756916617025	0.98426860633065
"c19_CD4_Th1 like-CXCR3-GZMK:HCoV_HKU1"	0.166323078247158	0.318275413432657	0.567624941153783
"c34_gdT:HCoV_HKU1"	0.132733986810398	0.42695173282123	0.642723038655615
"c17_CD4_Tfh like-CXCR5-GPR183:HCoV_HKU1"	0.11922083398444	0.475892063581766	0.667076075679952
"c10_Memory B-IgAG:HCoV_HKU1"	0.200082304670129	0.228429806511266	0.497511630300983
"c35_MAIT:HCoV_HKU1"	0.154565535325267	0.354153863302819	0.596904837270791
"c20_CD4_Th2 like-CCR4-GATA3:HCoV_HKU1"	0.148946711343139	0.372130058727561	0.60778945541682
"c29_CD8-GNLY-GZMH:HCoV_HKU1"	0.110832424406164	0.50768955523932	0.685193080207079
"c39_NK-CD3-GZMB-CX3CR1:HCoV_HKU1"	-0.015484651649694	0.926483064075391	0.95902128628876
"c28_CD8-GNLY-GZMB-ZNF683:HCoV_HKU1"	0.122548045870073	0.463576102234556	0.659012939000587
"c55_Mono-CD16-CIQ:HCoV_HKU1"	-0.065231004607298	0.697207185345531	0.830974017179783
"c36_T-MT-PTPRC:HCoV_HKU1"	-0.17283141959317	0.299433576609697	0.554900098428439
"c41_NK-CD3-GZMB-LAG3:HCoV_HKU1"	0.0572030495972177	0.733010704628693	0.84986748362747
"c31_CD8-MKI67:HCoV_HKU1"	0.0535386800799922	0.74954542996386	0.863085731081484
"c24_CD8_Tem-GZMK:HCoV_HKU1"	0.144196062955191	0.387743028394634	0.619503839945777
"c23_CD8_Tcm-GPR183:HCoV_HKU1"	0.176947675809487	0.287892841870794	0.545583727403197
"c66_Myeloid-CD3:HCoV_HKU1"	0.0655531829188371	0.695783107749757	0.830785800298217
"c21_CD4_Th17 like-CCR6:HCoV_HKU1"	0.145917172559819	0.382042999135897	0.616674636562802
"c33_CD4_CD8_T:HCoV_HKU1"	0.171332145490662	0.303709479186289	0.556106958607827
"c16_CD4_Treg-FOXP3:HCoV_HKU1"	0.174914568666098	0.293556641000611	0.551650063625309
"c52_Mono-CD14-CD16:HCoV_HKU1"	-4.00133509442628e-05	0.99980976926553	0.99980976926553
"c46_NK-MKI67:HCoV_HKU1"	-0.0708882006727257	0.672354013940607	0.811461740962801
"c37_NK-CD3-GZMK-TCF7:HCoV_HKU1"	0.126678929428199	0.448525052394619	0.655378425111454
"c11_B-IFNG:HCoV_HKU1"	0.114186380838732	0.494849239246388	0.675891643848725
"c47_Mono-CD14-S100A:HCoV_HKU1"	0.081553784579616	0.626435747262805	0.780168830451801
"c56_Mono-CD16-ISG15:HCoV_HKU1"	-0.107837798355168	0.519294030045866	0.694873731961016
"c13_B-CD3:HCoV_HKU1"	0.144651057719601	0.38623135684645	0.61797017095432
"c44_NK-NFKB:HCoV_HKU1"	0.0221707822690502	0.894888977259498	0.942977490256188
"c38_NK-CD3-GZMB-ZBTB16:HCoV_HKU1"	-0.0828151944650921	0.621091394864929	0.779791725406736
"c54_Mono-CD16-CX3CR1:HCoV_HKU1"	-0.128604562809318	0.441600836188596	0.64822141091904
"c06_Naïve B-IGHV4:HCoV_HKU1"	0.0927790891344977	0.579564691517302	0.74735337702915
"c08_Naïve B-MT:HCoV_HKU1"	-0.167827278158748	0.313856046750367	0.563331365962197
"c57_Mono-CD16-RP:HCoV_HKU1"	-0.0803377948255052	0.631605510971616	0.781106641893558
"c64_Mega:HCoV_HKU1"	0.0219703054720327	0.895834218479179	0.94298338787282
"c07_Naïve B-IGKV:HCoV_HKU1"	0.175193727575751	0.292774754434701	0.551105420112378
"c45_NK-GZMK:HCoV_HKU1"	0.137878208735164	0.40908809067345	0.631735308183721
"c53_Mono-CD16-CXCR4:HCoV_HKU1"	-0.140251332806666	0.400993102882388	0.62637695289857
"c30_CD8-KLRB1-TIGIT:HCoV_HKU1"	0.131182859346366	0.432422265881574	0.645750583716483
"c67_Myeloid-NKG7:HCoV_HKU1"	0.0242111335276793	0.885277140494295	0.940112397433606
"c40_NK-CD3-GZMB-ZNF683:HCoV_HKU1"	0.0756173974291112	0.651836344903602	0.795908800306253
"c14_B-PPBP:HCoV_HKU1"	0.197551838893507	0.234490409398126	0.500929454720456
"c26_CD8-ZNF683-FOS:HCoV_HKU1"	0.167646626091068	0.31438475308157	0.563377477522173
"c48_Mono-CD14-VCAN:HCoV_HKU1"	-0.108575958780516	0.516421459999115	0.693515629735022
"c01_Plasma-MZB1-XBP1:HCoV_HKU1"	-0.110809727540092	0.507777014796318	0.685193080207079
"c50_Mono-CD14-HLA:HCoV_HKU1"	0.100800207886175	0.547071596343676	0.717470946024493
"c32_CD4_CD8-MKI67:HCoV_HKU1"	-0.14057427868202	0.399898668158662	0.625566584014369
"c65_Myeloid-MS4A1:HCoV_HKU1"	0.0372494074995579	0.824292717220634	0.91147488923554
"c70_Platelet/NK cells:HCoV_HKU1"	-0.0199635750375482	0.905303477207546	0.948493820834847
"c49_Mono-CD14-ISG15:HCoV_HKU1"	0.0812753519250933	0.627617960925958	0.780168830451801
"c62_pDC-GZMB:HCoV_HKU1"	0.207134194559375	0.212106956702218	0.480080736741325
"c51_Mono-CD14-CCL3:HCoV_HKU1"	0.08462768238351	0.613445689772736	0.777216258535593
"c42_NK-CD3-MKI67:HCoV_HKU1"	0.037680433702551	0.822291892189429	0.910946507667814
"c02_Plasma-CD3:HCoV_HKU1"	-0.052061545613837	0.756242473145423	0.866930982520853
"c63_Mast:HCoV_HKU1"	0.194826600288922	0.24113846607399	0.501897113927399
"c04_Plasma-MKI67:HCoV_HKU1"	-0.157756788889535	0.344182377796263	0.585842345185129
"c60_cDC2:HCoV_HKU1"	0.123912788191419	0.45857403583522	0.65762217686997
"c03_Plasma-IFNG:HCoV_HKU1"	-0.131347693286221	0.431839089083371	0.645740693956443
"c12_B-MYADM:HCoV_HKU1"	0.119062362780624	0.476482911199966	0.667076075679952
"c58_Mono-CD16-MT:HCoV_HKU1"	-0.179762302319532	0.280169183700499	0.539967689980912
"c59_cDC1:HCoV_HKU1"	0.138427153742792	0.407207348922721	0.630805298469499
"c61_cDC2/pDC:HCoV_HKU1"	0.0241045797797779	0.885778713890857	0.940112397433606
"c25_CD8-GNLY-GZMK:HCoV_OC43"	-0.0822875365530327	0.623324672355642	0.780066487871089
"c15_CD4_Tn-CCR7:HCoV_OC43"	0.0604524004239344	0.718446999297573	0.84145257365453
"c22_CD8_Tn-CCR7:HCoV_OC43"	0.205889230596402	0.214928313674394	0.483372914287793
"c05_Naïve B-TCLA1:HCoV_OC43"	0.11696959062872	0.484321621069949	0.671336900492999
"c68_Platelet:HCoV_OC43"	-0.0128995657710464	0.938730902542152	0.963683419658305
"c69_Platelet/T cells:HCoV_OC43"	0.214635926364135	0.19564849659443	0.462291806299075
"c18_CD4_Th1 like-TBX21-GZMB:HCoV_OC43"	0.186763377151869	0.261547275271231	0.524993073853582
"c09_Memory B-IgMG:HCoV_OC43"	0.14208281432249	0.394809206742188	0.623036991039763
"c43_NK-FCGR3A:HCoV_OC43"	0.0209006970875563	0.900879747885562	0.946353705777271
"c27_CD8-GNLY-GZMB-CX3CR1:HCoV_OC43"	0.127061643161737	0.447144205295624	0.654642496641959
"c19_CD4_Th1 like-CXCR3-GZMK:HCoV_OC43"	0.196225030935166	0.237711378208188	0.500954573409891
"c34_gdT:HCoV_OC43"	0.186895853218172	0.261203003057231	0.524993073853582
"c17_CD4_Tfh like-CXCR5-GPR183:HCoV_OC43"	0.145727531115882	0.382668636081382	0.616674636562802
"c10_Memory B-IgAG:HCoV_OC43"	0.181970833806672	0.27420401465412	0.536902965756319
"c35_MAIT:HCoV_OC43"	0.173947472327796	0.296275711487172	0.554804644301846
"c20_CD4_Th2 like-CCR4-GATA3:HCoV_OC43"	0.182540903688857	0.272677870947844	0.53484976438106
"c29_CD8-GNLY-GZMH:HCoV_OC43"	0.160707891066906	0.335115675295796	0.582039720657439
"c39_NK-CD3-GZMB-CX3CR1:HCoV_OC43"	0.0677899735907382	0.685924692546224	0.822687649920719
"c28_CD8-GNLY-GZMB-ZNF683:HCoV_OC43"	0.184573008983628	0.267283035293272	0.531717583531908
"c55_Mono-CD16-CIQ:HCoV_OC43"	-0.0526630660213552	0.753513147738581	0.864728837120438
"c36_T-MT-PTPRC:HCoV_OC43"	-0.193480492912523	0.244468646641104	0.501897113927399
"c41_NK-CD3-GZMB-LAG3:HCoV_OC43"	0.123941196598195	0.458470221946086	0.65762217686997
"c31_CD8-MKI67:HCoV_OC43"	0.172755281443347	0.299649789600759	0.554900098428439
"c24_CD8_Tem-GZMK:HCoV_OC43"	0.1737894927195	0.296721412443577	0.554804644301846
"c23_CD8_Tcm-GPR183:HCoV_OC43"	0.206490684616921	0.213562072570277	0.481373390877802
"c66_Myeloid-CD3:HCoV_OC43"	0.0637945847124348	0.703568759798218	0.835627795306473
"c21_CD4_Th17 like-CCR6:HCoV_OC43"	0.161349125073759	0.33316527497349	0.582039720657439
"c33_CD4_CD8_T:HCoV_OC43"	0.214721900807289	0.19546522552765	0.462291806299075
"c16_CD4_Treg-FOXP3:HCoV_OC43"	0.209713732318479	0.206342969115796	0.471023703534189
"c52_Mono-CD14-CD16:HCoV_OC43"	-0.0045577777621329	0.978334047362828	0.98714786760934
"c46_NK-MKI67:HCoV_OC43"	0.0199725232095068	0.9052612234121	0.948493820834847
"c37_NK-CD3-GZMK-TCF7:HCoV_OC43"	0.160309354840596	0.336331418769501	0.582039720657439
"c11_B-IFNG:HCoV_OC43"	0.0627766227616625	0.708089170989582	0.83833496175139
"c47_Mono-CD14-S100A:HCoV_OC43"	0.0533110402080933	0.750576341136933	0.863085731081484
"c56_Mono-CD16-ISG15:HCoV_OC43"	-0.115235867341907	0.490865810548154	0.674690489352482
"c13_B-CD3:HCoV_OC43"	0.133850267540573	0.423038845956156	0.641718883710646
"c44_NK-NFKB:HCoV_OC43"	-0.0378119202506345	0.82168175083172	0.910946507667814
"c38_NK-CD3-GZMB-ZBTB16:HCoV_OC43"	-0.0714527659318705	0.669891957317765	0.810236492652157
"c54_Mono-CD16-CX3CR1:HCoV_OC43"	-0.13297925037306	0.426090286142225	0.642723038655615
"c06_Naïve B-IGHV4:HCoV_OC43"	0.0370210798568923	0.825353058920372	0.91147488923554
"c08_Naïve B-MT:HCoV_OC43"	-0.201526033999306	0.225020282532984	0.496011324535743
"c57_Mono-CD16-RP:HCoV_OC43"	-0.0902025431706268	0.590182883775312	0.756298432297883
"c64_Mega:HCoV_OC43"	-0.0012367096158347	0.994120508875884	0.99857844837757
"c07_Naïve B-IGKV:HCoV_OC43"	0.126598043315782	0.448817189339719	0.655378425111454
"c45_NK-GZMK:HCoV_OC43"	0.186758848545404	0.26155904929491	0.524993073853582
"c53_Mono-CD16-CXCR4:HCoV_OC43"	-0.171991459171129	0.301824367133669	0.555553831008576
"c30_CD8-KLRB1-TIGIT:HCoV_OC43"	0.171866236375682	0.302181829611278	0.555553831008576
"c67_Myeloid-NKG7:HCoV_OC43"	0.00482901995857319	0.977044995656349	0.986736154314798
"c40_NK-CD3-GZMB-ZNF683:HCoV_OC43"	0.133451560614198	0.4244341151097	0.641718883710646
"c14_B-PPBP:HCoV_OC43"	0.137758217372125	0.409499851554805	0.631735308183721
"c26_CD8-ZNF683-FOS:HCoV_OC43"	0.199112334350177	0.230740183053345	0.497511630300983
"c48_Mono-CD14-VCAN:HCoV_OC43"	-0.179022016770337	0.282187416837604	0.542109617252345
"c01_Plasma-MZB1-XBP1:HCoV_OC43"	-0.136331279124115	0.414414580901202	0.636308331129829
"c50_Mono-CD14-HLA:HCoV_OC43"	0.0994862788444792	0.552334573130253	0.722680749890051
"c32_CD4_CD8-MKI67:HCoV_OC43"	-0.0621026042558299	0.711087690771269	0.83833496175139
"c65_Myeloid-MS4A1:HCoV_OC43"	-0.0041960330886384	0.98005328690087	0.987992512447321
"c70_Platelet/NK cells:HCoV_OC43"	0.058364822893706	0.72779271238113	0.846339668783182
"c49_Mono-CD14-ISG15:HCoV_OC43"	0.0511235872545772	0.760504150751865	0.869147600859274
"c62_pDC-GZMB:HCoV_OC43"	0.210843985216951	0.203852057110559	0.469443048861443
"c51_Mono-CD14-CCL3:HCoV_OC43"	0.066144772580483	0.693170867096491	0.829435225585545
"c42_NK-CD3-MKI67:HCoV_OC43"	0.130760701257279	0.43391783623824	0.646260607163336
"c02_Plasma-CD3:HCoV_OC43"	-0.0685632043826559	0.68252853343351	0.821969846715625
"c63_Mast:HCoV_OC43"	0.198452808222594	0.232320163078048	0.497511630300983
"c04_Plasma-MKI67:HCoV_OC43"	-0.165427739163903	0.320924373433322	0.569628047932362
"c60_cDC2:HCoV_OC43"	0.125758867902685	0.451854139572447	0.656389930377615
"c03_Plasma-IFNG:HCoV_OC43"	-0.15566901294507	0.350686320813185	0.594203750848362
"c12_B-MYADM:HCoV_OC43"	0.0234396137320583	0.88890984721624	0.940112397433606
"c58_Mono-CD16-MT:HCoV_OC43"	-0.207888689051109	0.210409634313817	0.478009716899543
"c59_cDC1:HCoV_OC43"	0.15097427589931	0.365581823057154	0.603021563805615
"c61_cDC2/pDC:HCoV_OC43"	-0.0804894379543056	0.630959853223884	0.781106641893558
"c25_CD8-GNLY-GZMK:HCoV_NL63"	-0.11507625466743	0.491470570096299	0.674690489352482
"c15_CD4_Tn-CCR7:HCoV_NL63"	0.104573847725831	0.532089727922226	0.70525502399159
"c22_CD8_Tn-CCR7:HCoV_NL63"	0.178085046755915	0.284755371514637	0.543438890736447
"c05_Naïve B-TCLA1:HCoV_NL63"	0.0846527557488363	0.61334020095702	0.777216258535593
"c68_Platelet:HCoV_NL63"	-0.0293908166230519	0.860951865712598	0.930758773743349
"c69_Platelet/T cells:HCoV_NL63"	0.210955096421711	0.203608320590463	0.469443048861443
"c18_CD4_Th1 like-TBX21-GZMB:HCoV_NL63"	0.196615933598727	0.2367593270445	0.500954573409891
"c09_Memory B-IgMG:HCoV_NL63"	0.124195794955942	0.457540397351436	0.65762217686997
"c43_NK-FCGR3A:HCoV_NL63"	0.0421586562461539	0.801571642321269	0.895970464657405
"c27_CD8-GNLY-GZMB-CX3CR1:HCoV_NL63"	0.113593279056704	0.497107708509556	0.678149370926556
"c19_CD4_Th1 like-CXCR3-GZMK:HCoV_NL63"	0.198780209190603	0.231534915259634	0.497511630300983
"c34_gdT:HCoV_NL63"	0.190242007336654	0.252606633131898	0.515335936443945
"c17_CD4_Tfh like-CXCR5-GPR183:HCoV_NL63"	0.132755629175643	0.426875678604791	0.642723038655615
"c10_Memory B-IgAG:HCoV_NL63"	0.161448053887937	0.332864995548574	0.582039720657439
"c35_MAIT:HCoV_NL63"	0.180169804085698	0.279062233402551	0.539809501573156
"c20_CD4_Th2 like-CCR4-GATA3:HCoV_NL63"	0.182681571607857	0.272302144194161	0.53484976438106
"c29_CD8-GNLY-GZMH:HCoV_NL63"	0.161044977178314	0.334089505717869	0.582039720657439
"c39_NK-CD3-GZMB-CX3CR1:HCoV_NL63"	0.0927938586767182	0.579504073061588	0.74735337702915
"c28_CD8-GNLY-GZMB-ZNF683:HCoV_NL63"	0.20091948846636	0.226448440454065	0.497298535899124
"c55_Mono-CD16-CIQ:HCoV_NL63"	0.0466572183878171	0.780891017288605	0.880763282339615
"c36_T-MT-PTPRC:HCoV_NL63"	-0.226523651501513	0.171439548713574	0.429557705949001
"c41_NK-CD3-GZMB-LAG3:HCoV_NL63"	0.159124852785024	0.339960781719212	0.583981710928708
"c31_CD8-MKI67:HCoV_NL63"	0.142205794717545	0.394395959140319	0.623036991039763
"c24_CD8_Tem-GZMK:HCoV_NL63"	0.178061462225265	0.284820204341335	0.543438890736447
"c23_CD8_Tcm-GPR183:HCoV_NL63"	0.205648507806104	0.215476817329004	0.483379024376064
"c66_Myeloid-CD3:HCoV_NL63"	0.161472658538883	0.332790338844949	0.582039720657439
"c21_CD4_Th17 like-CCR6:HCoV_NL63"	0.158773462501395	0.341042062001681	0.58465750341997
"c33_CD4_CD8_T:HCoV_NL63"	0.203684256433692	0.219988598681074	0.487911713138029
"c16_CD4_Treg-FOXP3:HCoV_NL63"	0.20537239868341	0.216107139232531	0.483379024376064
"c52_Mono-CD14-CD16:HCoV_NL63"	0.0885748295139561	0.596934735476867	0.762433565664756
"c46_NK-MKI67:HCoV_NL63"	4.28725544092603e-05	0.999796176093467	0.99980976926553
"c37_NK-CD3-GZMK-TCF7:HCoV_NL63"	0.19584459761142	0.238640413972521	0.501458280767774
"c11_B-IFNG:HCoV_NL63"	0.0383718080987671	0.819084845163001	0.910946507667814
"c47_Mono-CD14-S100A:HCoV_NL63"	0.107246856437285	0.521599374123162	0.697125655152674
"c56_Mono-CD16-ISG15:HCoV_NL63"	-0.0183453936616169	0.91294873425041	0.952050821564673
"c13_B-CD3:HCoV_NL63"	0.100867379953341	0.546803176958188	0.717470946024493
"c44_NK-NFKB:HCoV_NL63"	0.0770640658763669	0.645609179843598	0.791118469830229
"c38_NK-CD3-GZMB-ZBTB16:HCoV_NL63"	-0.0159169539512107	0.924436417037093	0.95902128628876
"c54_Mono-CD16-CX3CR1:HCoV_NL63"	-0.0457043508168832	0.785259649654358	0.88302289920972
"c06_Naïve B-IGHV4:HCoV_NL63"	-0.00949038345339102	0.954904011723051	0.973150585195466
"c08_Naïve B-MT:HCoV_NL63"	-0.228551998496294	0.167533606514545	0.425482175275035
"c57_Mono-CD16-RP:HCoV_NL63"	0.0221500608252655	0.89498667155565	0.942977490256188
"c64_Mega:HCoV_NL63"	0.075495768620859	0.652360963108161	0.795908800306253
"c07_Naïve B-IGKV:HCoV_NL63"	0.0947077961325001	0.571672947661969	0.740200810845555
"c45_NK-GZMK:HCoV_NL63"	0.203035558345627	0.221492777056159	0.490260692298217
"c53_Mono-CD16-CXCR4:HCoV_NL63"	-0.0826607673959237	0.621744652489478	0.779791725406736
"c30_CD8-KLRB1-TIGIT:HCoV_NL63"	0.200595666610777	0.227213433741431	0.497511630300983
"c67_Myeloid-NKG7:HCoV_NL63"	0.0365458084093728	0.827561171564411	0.91147488923554
"c40_NK-CD3-GZMB-ZNF683:HCoV_NL63"	0.17234496835841	0.300816690661677	0.555048918519074
"c14_B-PPBP:HCoV_NL63"	0.118778609200393	0.477541825172452	0.667253207393286
"c26_CD8-ZNF683-FOS:HCoV_NL63"	0.206469786896126	0.213609442202024	0.481373390877802
"c48_Mono-CD14-VCAN:HCoV_NL63"	-0.142422289660433	0.393669086417366	0.623036991039763
"c01_Plasma-MZB1-XBP1:HCoV_NL63"	-0.211743996287451	0.20188360892622	0.46716868181274
"c50_Mono-CD14-HLA:HCoV_NL63"	0.171275171260823	0.303872730953563	0.556106958607827
"c32_CD4_CD8-MKI67:HCoV_NL63"	-0.177659449407521	0.285926790210555	0.543818575889575
"c65_Myeloid-MS4A1:HCoV_NL63"	0.106585676865711	0.52418468724864	0.69891291633152
"c70_Platelet/NK cells:HCoV_NL63"	0.0840775052618754	0.615762324776898	0.778707587653127
"c49_Mono-CD14-ISG15:HCoV_NL63"	0.109255830694362	0.513782718286469	0.691604755029327
"c62_pDC-GZMB:HCoV_NL63"	0.220937621427727	0.182532922599436	0.447225480678417
"c51_Mono-CD14-CCL3:HCoV_NL63"	0.131703219308474	0.430582737189123	0.644722815042537
"c42_NK-CD3-MKI67:HCoV_NL63"	0.138014121896601	0.408621977844662	0.631735308183721
"c02_Plasma-CD3:HCoV_NL63"	-0.181223605143469	0.27621287979199	0.539521473178293
"c63_Mast:HCoV_NL63"	0.163025356217568	0.328100015760485	0.579608860649437
"c04_Plasma-MKI67:HCoV_NL63"	-0.231452749411499	0.162059525545897	0.418014429359754
"c60_cDC2:HCoV_NL63"	0.142821465711453	0.392330907867071	0.622394641375523
"c03_Plasma-IFNG:HCoV_NL63"	-0.22033433684533	0.183760782958052	0.447938826732446
"c12_B-MYADM:HCoV_NL63"	0.0534334554209976	0.750021907041854	0.863085731081484
"c58_Mono-CD16-MT:HCoV_NL63"	-0.228633103693725	0.16737876640922	0.425482175275035
"c59_cDC1:HCoV_NL63"	0.160968127972899	0.33432328187941	0.582039720657439
"c61_cDC2/pDC:HCoV_NL63"	-0.0582168520607411	0.728456643488382	0.846339668783182
"c25_CD8-GNLY-GZMK:HCoV_229E"	0.0245098407240924	0.883871291175573	0.940112397433606
"c15_CD4_Tn-CCR7:HCoV_229E"	0.112815285416629	0.500078179644767	0.679717914080265
"c22_CD8_Tn-CCR7:HCoV_229E"	0.183219303871415	0.270868979680054	0.53484976438106
"c05_Naïve B-TCLA1:HCoV_229E"	0.205320483970492	0.216225795725364	0.483379024376064
"c68_Platelet:HCoV_229E"	-0.13958349191576	0.403261812454324	0.628168609108265
"c69_Platelet/T cells:HCoV_229E"	0.17049218264938	0.306121929966221	0.557490344003525
"c18_CD4_Th1 like-TBX21-GZMB:HCoV_229E"	0.124259357051792	0.457308418991878	0.65762217686997
"c09_Memory B-IgMG:HCoV_229E"	0.218922808277145	0.186656515098881	0.451523319461657
"c43_NK-FCGR3A:HCoV_229E"	-0.0490378265977274	0.770005764231919	0.874442774260447
"c27_CD8-GNLY-GZMB-CX3CR1:HCoV_229E"	0.011665717390222	0.944581803143441	0.967915479890808
"c19_CD4_Th1 like-CXCR3-GZMK:HCoV_229E"	0.195535065191353	0.239398114420862	0.501897113927399
"c34_gdT:HCoV_229E"	0.158554906722835	0.341715653148629	0.58465750341997
"c17_CD4_Tfh like-CXCR5-GPR183:HCoV_229E"	0.129614838431566	0.437991657321263	0.647878952075837
"c10_Memory B-IgAG:HCoV_229E"	0.217053813329811	0.190540195159668	0.455609382894523
"c35_MAIT:HCoV_229E"	0.212497575665801	0.200245664484616	0.466268491107629
"c20_CD4_Th2 like-CCR4-GATA3:HCoV_229E"	0.153644946224898	0.357062511405507	0.596904837270791
"c29_CD8-GNLY-GZMH:HCoV_229E"	0.124811721374125	0.455295157017032	0.65762217686997
"c39_NK-CD3-GZMB-CX3CR1:HCoV_229E"	-0.0274595268258806	0.870008215019268	0.935133590039904
"c28_CD8-GNLY-GZMB-ZNF683:HCoV_229E"	0.0965061132385392	0.564359123235459	0.734125688761573
"c55_Mono-CD16-CIQ:HCoV_229E"	-0.0745409387112822	0.656485110933531	0.799199265484298
"c36_T-MT-PTPRC:HCoV_229E"	-0.129084671727566	0.439883632087524	0.647878952075837
"c41_NK-CD3-GZMB-LAG3:HCoV_229E"	0.0539023921099146	0.747899179290721	0.862914262835103
"c31_CD8-MKI67:HCoV_229E"	0.0158293302696475	0.924851215201001	0.95902128628876
"c24_CD8_Tem-GZMK:HCoV_229E"	0.18111533334156	0.276504755003875	0.539521473178293
"c23_CD8_Tcm-GPR183:HCoV_229E"	0.190664651312091	0.251534440109953	0.514084987086036
"c66_Myeloid-CD3:HCoV_229E"	-0.000350708894202941	0.998332667395733	0.99980976926553
"c21_CD4_Th17 like-CCR6:HCoV_229E"	0.154121427429258	0.355555250612128	0.596904837270791
"c33_CD4_CD8_T:HCoV_229E"	0.177636405762765	0.285990304641928	0.543818575889575
"c16_CD4_Treg-FOXP3:HCoV_229E"	0.180175414485338	0.279047013046978	0.539809501573156
"c52_Mono-CD14-CD16:HCoV_229E"	-0.0427489183009167	0.798850182963287	0.895607812731613
"c46_NK-MKI67:HCoV_229E"	-0.0892518602777951	0.594122283900251	0.760476523392321
"c37_NK-CD3-GZMK-TCF7:HCoV_229E"	0.16863916181023	0.311486863679912	0.561779850759261
"c11_B-IFNG:HCoV_229E"	0.179607532302293	0.28059035318651	0.539967689980912
"c47_Mono-CD14-S100A:HCoV_229E"	-0.0393248111630812	0.814668950086283	0.907889775220534
"c56_Mono-CD16-ISG15:HCoV_229E"	-0.115680127865734	0.489184561658022	0.673998367802235
"c13_B-CD3:HCoV_229E"	0.187540874415358	0.259531042234211	0.524993073853582
"c44_NK-NFKB:HCoV_229E"	0.114463133304162	0.493797194836528	0.675891643848725
"c38_NK-CD3-GZMB-ZBTB16:HCoV_229E"	-0.0458480460569731	0.78460042854257	0.88302289920972
"c54_Mono-CD16-CX3CR1:HCoV_229E"	-0.129523488868338	0.438317331159661	0.647878952075837
"c06_Naïve B-IGHV4:HCoV_229E"	0.150627801987368	0.366695889714679	0.603651605636961
"c08_Naïve B-MT:HCoV_229E"	-0.13514576159386	0.418523079172979	0.638618322443783
"c57_Mono-CD16-RP:HCoV_229E"	-0.0776336292646992	0.643163984119028	0.788985391252258
"c64_Mega:HCoV_229E"	-0.0622322184633385	0.71051073923025	0.83833496175139
"c07_Naïve B-IGKV:HCoV_229E"	0.207102466351524	0.212178539899068	0.480080736741325
"c45_NK-GZMK:HCoV_229E"	0.180232645153246	0.278891783850262	0.539809501573156
"c53_Mono-CD16-CXCR4:HCoV_229E"	-0.13421013124198	0.421781719365557	0.641459096508485
"c30_CD8-KLRB1-TIGIT:HCoV_229E"	0.138442511299886	0.407154803470357	0.630805298469499
"c67_Myeloid-NKG7:HCoV_229E"	-0.11040408604228	0.509341380059354	0.686476950260501
"c40_NK-CD3-GZMB-ZNF683:HCoV_229E"	0.063025112984878	0.706984797194705	0.83833496175139
"c14_B-PPBP:HCoV_229E"	0.222685834004021	0.179007722219823	0.441604953493836
"c26_CD8-ZNF683-FOS:HCoV_229E"	0.18773739268841	0.25902306049591	0.524993073853582
"c48_Mono-CD14-VCAN:HCoV_229E"	-0.167997275983235	0.313359033606909	0.563331365962197
"c01_Plasma-MZB1-XBP1:HCoV_229E"	-0.110893928768489	0.507452593879139	0.685193080207079
"c50_Mono-CD14-HLA:HCoV_229E"	0.0474662153908058	0.777187177030314	0.879242058862578
"c32_CD4_CD8-MKI67:HCoV_229E"	-0.183568860847256	0.269939999775182	0.53484976438106
"c65_Myeloid-MS4A1:HCoV_229E"	0.00596732799708964	0.971635962722608	0.98426860633065
"c70_Platelet/NK cells:HCoV_229E"	-0.0132922243520709	0.936869567937405	0.963150201202709
"c49_Mono-CD14-ISG15:HCoV_229E"	-0.0389382762447446	0.816459351092098	0.90898058968504
"c62_pDC-GZMB:HCoV_229E"	0.200316179753357	0.227875107433486	0.497511630300983
"c51_Mono-CD14-CCL3:HCoV_229E"	-0.00873534252184681	0.958488546263606	0.975915610741126
"c42_NK-CD3-MKI67:HCoV_229E"	0.0149524218157922	0.929003436252636	0.959727165237243
"c02_Plasma-CD3:HCoV_229E"	-0.0793429919856204	0.635847785466545	0.784305638460937
"c63_Mast:HCoV_229E"	0.221071319955241	0.18226159740299	0.447225480678417
"c04_Plasma-MKI67:HCoV_229E"	-0.141726278621772	0.396008680119228	0.623811141678671
"c60_cDC2:HCoV_229E"	0.0605144896050299	0.718169646014692	0.84145257365453
"c03_Plasma-IFNG:HCoV_229E"	-0.123073612436322	0.461646352774192	0.658890122399131
"c12_B-MYADM:HCoV_229E"	0.198700823857389	0.231725149321138	0.497511630300983
"c58_Mono-CD16-MT:HCoV_229E"	-0.149577486864311	0.370085482772666	0.605987925007873
"c59_cDC1:HCoV_229E"	0.0765747288515344	0.647712890068376	0.79282889276129
"c61_cDC2/pDC:HCoV_229E"	-0.0234928643433119	0.888659043664297	0.940112397433606
"c25_CD8-GNLY-GZMK:FluA_H1N1"	-0.0155558813043255	0.926145809400802	0.95902128628876
"c15_CD4_Tn-CCR7:FluA_H1N1"	0.461279563229071	0.00355838361366712	0.0749119622452827
"c22_CD8_Tn-CCR7:FluA_H1N1"	0.484217155662218	0.00206721987107807	0.0749119622452827
"c05_Naïve B-TCLA1:FluA_H1N1"	0.360737519408126	0.0260835482278275	0.137189986304246
"c68_Platelet:FluA_H1N1"	-0.202185711722762	0.22347402868005	0.493670438109776
"c69_Platelet/T cells:FluA_H1N1"	0.480203056903796	0.002279472412604	0.0749119622452827
"c18_CD4_Th1 like-TBX21-GZMB:FluA_H1N1"	0.406617060778301	0.0112980078638912	0.0988575688090477
"c09_Memory B-IgMG:FluA_H1N1"	0.422232302130708	0.00827521707188838	0.089117722312644
"c43_NK-FCGR3A:FluA_H1N1"	-0.0286010161559392	0.864653408785118	0.932061422367018
"c27_CD8-GNLY-GZMB-CX3CR1:FluA_H1N1"	0.178099512672893	0.28471561008229	0.543438890736447
"c19_CD4_Th1 like-CXCR3-GZMK:FluA_H1N1"	0.481131945065205	0.00222872698602834	0.0749119622452827
"c34_gdT:FluA_H1N1"	0.436366856538462	0.0061649833994589	0.0831901374384816
"c17_CD4_Tfh like-CXCR5-GPR183:FluA_H1N1"	0.486937470579617	0.00193343434487893	0.0749119622452827
"c10_Memory B-IgAG:FluA_H1N1"	0.465835198396778	0.00320388678774761	0.0749119622452827
"c35_MAIT:FluA_H1N1"	0.47114421284006	0.00282997313390422	0.0749119622452827
"c20_CD4_Th2 like-CCR4-GATA3:FluA_H1N1"	0.472738083247832	0.00272543316959216	0.0749119622452827
"c29_CD8-GNLY-GZMH:FluA_H1N1"	0.396801873715441	0.0136424042483102	0.101188693762301
"c39_NK-CD3-GZMB-CX3CR1:FluA_H1N1"	0.0452444655711391	0.787370424125968	0.884508400221749
"c28_CD8-GNLY-GZMB-ZNF683:FluA_H1N1"	0.353707340578087	0.0293665417116782	0.14759085311322
"c55_Mono-CD16-CIQ:FluA_H1N1"	-0.170763825602948	0.305340419307697	0.557167250665714
"c36_T-MT-PTPRC:FluA_H1N1"	-0.386061715025801	0.0166665159658203	0.109151455776734
"c41_NK-CD3-GZMB-LAG3:FluA_H1N1"	0.241596846050661	0.143933138245403	0.386101327608712
"c31_CD8-MKI67:FluA_H1N1"	0.157160022273906	0.346033882761946	0.587209013171787
"c24_CD8_Tem-GZMK:FluA_H1N1"	0.462776598860488	0.00343830052937617	0.0749119622452827
"c23_CD8_Tcm-GPR183:FluA_H1N1"	0.486122559081316	0.00197268976648615	0.0749119622452827
"c66_Myeloid-CD3:FluA_H1N1"	0.0626533106932917	0.708637429631528	0.83833496175139
"c21_CD4_Th17 like-CCR6:FluA_H1N1"	0.48208245425961	0.00217782871215017	0.0749119622452827
"c33_CD4_CD8_T:FluA_H1N1"	0.485319147795574	0.00201207492349944	0.0749119622452827
"c16_CD4_Treg-FOXP3:FluA_H1N1"	0.482344218776359	0.0021639919707351	0.0749119622452827
"c52_Mono-CD14-CD16:FluA_H1N1"	-0.0827476630001476	0.621377031414101	0.779791725406736
"c46_NK-MKI67:FluA_H1N1"	-0.168946604890731	0.310592660355835	0.561070612255702
"c37_NK-CD3-GZMK-TCF7:FluA_H1N1"	0.397182282125387	0.0135444293682288	0.101131739282775
"c11_B-IFNG:FluA_H1N1"	0.29700498364641	0.0701706241753619	0.23955583110559
"c47_Mono-CD14-S100A:FluA_H1N1"	0.0136546045544793	0.935152055984496	0.963150201202709
"c56_Mono-CD16-ISG15:FluA_H1N1"	-0.289428137933658	0.0779854886392234	0.253158976980913
"c13_B-CD3:FluA_H1N1"	0.395873215862091	0.0138841019423055	0.102303909048567
"c44_NK-NFKB:FluA_H1N1"	0.0752452071158736	0.653442222225884	0.796360488458096
"c38_NK-CD3-GZMB-ZBTB16:FluA_H1N1"	-0.121844949686053	0.466164410846606	0.66172894822332
"c54_Mono-CD16-CX3CR1:FluA_H1N1"	-0.332137078937931	0.0416222519660904	0.176579250765232
"c06_Naïve B-IGHV4:FluA_H1N1"	0.219480871004624	0.185507823224961	0.449715935090816
"c08_Naïve B-MT:FluA_H1N1"	-0.401491488169362	0.0124755046320191	0.100856825885644
"c57_Mono-CD16-RP:FluA_H1N1"	-0.216510484112553	0.191679817239846	0.45676892618857
"c64_Mega:FluA_H1N1"	-0.0934247709335844	0.576917292017728	0.746128599376276
"c07_Naïve B-IGKV:FluA_H1N1"	0.377911799108212	0.0193209432597061	0.114855586435565
"c45_NK-GZMK:FluA_H1N1"	0.434127809395459	0.00646456098826284	0.0842312975175615
"c53_Mono-CD16-CXCR4:FluA_H1N1"	-0.379301568704054	0.0188447942492452	0.114087403022457
"c30_CD8-KLRB1-TIGIT:FluA_H1N1"	0.389402395363006	0.0156707671792461	0.108023319811247
"c67_Myeloid-NKG7:FluA_H1N1"	-0.2269261335793	0.17065935414031	0.429557705949001
"c40_NK-CD3-GZMB-ZNF683:FluA_H1N1"	0.242368513756005	0.142617865443093	0.385826109411266
"c14_B-PPBP:FluA_H1N1"	0.408897206099577	0.010805370082025	0.0983903617225041
"c26_CD8-ZNF683-FOS:FluA_H1N1"	0.473923644167584	0.00264987916922195	0.0749119622452827
"c48_Mono-CD14-VCAN:FluA_H1N1"	-0.438078542188398	0.00594410905230489	0.0821901498590305
"c01_Plasma-MZB1-XBP1:FluA_H1N1"	-0.360567369630129	0.0261592557250056	0.137189986304246
"c50_Mono-CD14-HLA:FluA_H1N1"	0.140082615401163	0.401565555435071	0.626397523798439
"c32_CD4_CD8-MKI67:FluA_H1N1"	-0.370906296231724	0.021877015045223	0.122612238758264
"c65_Myeloid-MS4A1:FluA_H1N1"	-0.036569645823207	0.827450391616984	0.91147488923554
"c70_Platelet/NK cells:FluA_H1N1"	0.0695043853721107	0.678403006677222	0.817880912248104
"c49_Mono-CD14-ISG15:FluA_H1N1"	0.0131905441741903	0.937351535099065	0.963150201202709
"c62_pDC-GZMB:FluA_H1N1"	0.445178246038695	0.00509925982445639	0.0761489467118821
"c51_Mono-CD14-CCL3:FluA_H1N1"	0.0526550687322027	0.753549415204953	0.864728837120438
"c42_NK-CD3-MKI67:FluA_H1N1"	0.126389217236942	0.449571885896801	0.655625666932835
"c02_Plasma-CD3:FluA_H1N1"	-0.309009950541984	0.0590627651026166	0.21944820184337
"c63_Mast:FluA_H1N1"	0.466919924734042	0.00312416787330176	0.0749119622452827
"c04_Plasma-MKI67:FluA_H1N1"	-0.38558165257548	0.016813884719357	0.109151455776734
"c60_cDC2:FluA_H1N1"	0.154810316330074	0.353382884712463	0.596904837270791
"c03_Plasma-IFNG:FluA_H1N1"	-0.369402594557791	0.022460870175282	0.125155097494109
"c12_B-MYADM:FluA_H1N1"	0.259442971433325	0.115728501755743	0.325960077049822
"c58_Mono-CD16-MT:FluA_H1N1"	-0.404431977018905	0.011787891378153	0.100781972088025
"c59_cDC1:FluA_H1N1"	0.24185694371626	0.143488822354325	0.386101327608712
"c61_cDC2/pDC:FluA_H1N1"	-0.277692680754724	0.0914091662689799	0.283596305322043
"c25_CD8-GNLY-GZMK:pCoV_GD"	-0.374328793663936	0.0205951383253453	0.118344146793337
"c15_CD4_Tn-CCR7:pCoV_GD"	0.249149633933185	0.131437406443479	0.358174927534542
"c22_CD8_Tn-CCR7:pCoV_GD"	0.350635436921944	0.030904230663088	0.151034166460607
"c05_Naïve B-TCLA1:pCoV_GD"	0.039892847103686	0.812039533500649	0.905982414261459
"c68_Platelet:pCoV_GD"	0.142037675107509	0.394960949676992	0.623036991039763
"c69_Platelet/T cells:pCoV_GD"	0.456928456319109	0.0039283711543254	0.0749119622452827
"c18_CD4_Th1 like-TBX21-GZMB:pCoV_GD"	0.458796912658697	0.00376558415322695	0.0749119622452827
"c09_Memory B-IgMG:pCoV_GD"	0.145877077594627	0.382175224397883	0.616674636562802
"c43_NK-FCGR3A:pCoV_GD"	0.263596245656711	0.109806857784946	0.317787288679946
"c27_CD8-GNLY-GZMB-CX3CR1:pCoV_GD"	0.382777514387474	0.0176967446908144	0.109433901331776
"c19_CD4_Th1 like-CXCR3-GZMK:pCoV_GD"	0.391991475654575	0.0149339426170987	0.106535132045545
"c34_gdT:pCoV_GD"	0.420954707262202	0.00849330027202143	0.0901566482758549
"c17_CD4_Tfh like-CXCR5-GPR183:pCoV_GD"	0.29939797777463	0.067834731308641	0.233768920202086
"c10_Memory B-IgAG:pCoV_GD"	0.263788814393062	0.109537969301685	0.317787288679946
"c35_MAIT:pCoV_GD"	0.345258653804421	0.033754685145263	0.155595663160579
"c20_CD4_Th2 like-CCR4-GATA3:pCoV_GD"	0.402988667489294	0.0121212675831199	0.100856825885644
"c29_CD8-GNLY-GZMH:pCoV_GD"	0.352983569683579	0.0297230381910748	0.148003651759695
"c39_NK-CD3-GZMB-CX3CR1:pCoV_GD"	0.383669887023887	0.0174116650030033	0.109433901331776
"c28_CD8-GNLY-GZMB-ZNF683:pCoV_GD"	0.496060440860661	0.00153862814359656	0.0749119622452827
"c55_Mono-CD16-CIQ:pCoV_GD"	0.111722957012383	0.504263985430553	0.683747776854987
"c36_T-MT-PTPRC:pCoV_GD"	-0.529425634906556	0.000631101309564153	0.0749119622452827
"c41_NK-CD3-GZMB-LAG3:pCoV_GD"	0.4507894240485	0.00450706593865376	0.0749119622452827
"c31_CD8-MKI67:pCoV_GD"	0.429156549454408	0.00717482202383438	0.0863776979796311
"c24_CD8_Tem-GZMK:pCoV_GD"	0.347925247001409	0.0323152314862522	0.151860331496748
"c23_CD8_Tcm-GPR183:pCoV_GD"	0.416106664781638	0.00936618698692449	0.0920004206625984
"c66_Myeloid-CD3:pCoV_GD"	0.348264310971419	0.0321358652296182	0.151860331496748
"c21_CD4_Th17 like-CCR6:pCoV_GD"	0.32622479180575	0.0456228273581155	0.187117452159724
"c33_CD4_CD8_T:pCoV_GD"	0.427625867612896	0.0074065907260244	0.0863776979796311
"c16_CD4_Treg-FOXP3:pCoV_GD"	0.420726992940569	0.00853268278325055	0.0901566482758549
"c52_Mono-CD14-CD16:pCoV_GD"	0.209455972875328	0.206913984052519	0.471023703534189
"c46_NK-MKI67:pCoV_GD"	0.160447224107704	0.33591053851047	0.582039720657439
"c37_NK-CD3-GZMK-TCF7:pCoV_GD"	0.442698596103678	0.00538169252000017	0.0772755849025665
"c11_B-IFNG:pCoV_GD"	-0.0588221417991696	0.725742004094383	0.84493871578556
"c47_Mono-CD14-S100A:pCoV_GD"	0.286022826617455	0.0817115424848831	0.260799467012669
"c56_Mono-CD16-ISG15:pCoV_GD"	-0.026331742863519	0.875304340898471	0.939924124454734
"c13_B-CD3:pCoV_GD"	0.103129035041942	0.537802242747292	0.709129665458583
"c44_NK-NFKB:pCoV_GD"	0.112062581631458	0.502960650033031	0.682807185499387
"c38_NK-CD3-GZMB-ZBTB16:pCoV_GD"	0.0840179479537638	0.61601332380417	0.778707587653127
"c54_Mono-CD16-CX3CR1:pCoV_GD"	-0.0924518322167125	0.580908578469672	0.747836330903485
"c06_Naïve B-IGHV4:pCoV_GD"	-0.170013582622664	0.3075019376336	0.558853046678863
"c08_Naïve B-MT:pCoV_GD"	-0.533953873723467	0.000555211195989173	0.0749119622452827
"c57_Mono-CD16-RP:pCoV_GD"	0.010878341812089	0.948317048988782	0.968199721848164
"c64_Mega:pCoV_GD"	0.19227391309816	0.247479801148806	0.506722810396092
"c07_Naïve B-IGKV:pCoV_GD"	0.0738904484067206	0.659300501186388	0.801755224026878
"c45_NK-GZMK:pCoV_GD"	0.448844174313017	0.00470522758771232	0.0749119622452827
"c53_Mono-CD16-CXCR4:pCoV_GD"	-0.203906525909644	0.219474826267556	0.487911713138029
"c30_CD8-KLRB1-TIGIT:pCoV_GD"	0.454969856679603	0.00410554529320069	0.0749119622452827
"c67_Myeloid-NKG7:pCoV_GD"	0.173087026535037	0.298708446993082	0.554900098428439
"c40_NK-CD3-GZMB-ZNF683:pCoV_GD"	0.483666259468466	0.00209528150265046	0.0749119622452827
"c14_B-PPBP:pCoV_GD"	0.117766887033812	0.481327390741463	0.670505817948307
"c26_CD8-ZNF683-FOS:pCoV_GD"	0.426392087002339	0.00759805494534042	0.0863776979796311
"c48_Mono-CD14-VCAN:pCoV_GD"	-0.304425076538438	0.0631271921475575	0.222940345417252
"c01_Plasma-MZB1-XBP1:pCoV_GD"	-0.494690733613367	0.00159294481447185	0.0749119622452827
"c50_Mono-CD14-HLA:pCoV_GD"	0.385432150364675	0.0168600016512277	0.109151455776734
"c32_CD4_CD8-MKI67:pCoV_GD"	-0.294660593430281	0.0725199016537654	0.2446454513621
"c65_Myeloid-MS4A1:pCoV_GD"	0.171727415028273	0.302578425817171	0.555553831008576
"c70_Platelet/NK cells:pCoV_GD"	0.339854600816693	0.0368329642934117	0.164354262982554
"c49_Mono-CD14-ISG15:pCoV_GD"	0.292474704213073	0.0747654671883717	0.248456872993776
"c62_pDC-GZMB:pCoV_GD"	0.457397255794929	0.00388696316023753	0.0749119622452827
"c51_Mono-CD14-CCL3:pCoV_GD"	0.325746141611093	0.0459598281133249	0.187181845406996
"c42_NK-CD3-MKI67:pCoV_GD"	0.440761910291223	0.00561158888425549	0.0795567031691917
"c02_Plasma-CD3:pCoV_GD"	-0.43187925366141	0.0067779424570869	0.086264722181106
"c63_Mast:pCoV_GD"	0.236907910554921	0.152117215999879	0.39988212925085
"c04_Plasma-MKI67:pCoV_GD"	-0.501606111429386	0.00133502896212759	0.0749119622452827
"c60_cDC2:pCoV_GD"	0.433652535665992	0.00652973922012313	0.0842312975175615
"c03_Plasma-IFNG:pCoV_GD"	-0.499585753449846	0.00140626600499464	0.0749119622452827
"c12_B-MYADM:pCoV_GD"	-0.0786652013346627	0.638744759325586	0.785238959002702
"c58_Mono-CD16-MT:pCoV_GD"	-0.520355835195825	0.000811403504057067	0.0749119622452827
"c59_cDC1:pCoV_GD"	0.473432608078094	0.00268094691373236	0.0749119622452827
"c61_cDC2/pDC:pCoV_GD"	-0.159642341746496	0.338372227551817	0.582724369186384
"c25_CD8-GNLY-GZMK:bCoV_RaTG13"	-0.319750784595227	0.0503534378654998	0.199278623354628
"c15_CD4_Tn-CCR7:bCoV_RaTG13"	0.193624064088374	0.244111995729988	0.501897113927399
"c22_CD8_Tn-CCR7:bCoV_RaTG13"	0.297858588771315	0.0693302448902399	0.238189798395916
"c05_Naïve B-TCLA1:bCoV_RaTG13"	-0.00525494315791053	0.975020954869053	0.986471065450171
"c68_Platelet:bCoV_RaTG13"	0.158150473848421	0.342964267631179	0.58465750341997
"c69_Platelet/T cells:bCoV_RaTG13"	0.399108734282416	0.013057356922695	0.100856825885644
"c18_CD4_Th1 like-TBX21-GZMB:bCoV_RaTG13"	0.42508189280554	0.00780601202513794	0.0863776979796311
"c09_Memory B-IgMG:bCoV_RaTG13"	0.097194225685394	0.56157200194493	0.731349583928281
"c43_NK-FCGR3A:bCoV_RaTG13"	0.292612870121394	0.0746219384765638	0.248456872993776
"c27_CD8-GNLY-GZMB-CX3CR1:bCoV_RaTG13"	0.393495125431094	0.0145195919024947	0.104243223915346
"c19_CD4_Th1 like-CXCR3-GZMK:bCoV_RaTG13"	0.331180950163313	0.0422492168227108	0.178160183584588
"c34_gdT:bCoV_RaTG13"	0.380057058245717	0.0185901047076218	0.113157159089872
"c17_CD4_Tfh like-CXCR5-GPR183:bCoV_RaTG13"	0.249357274635355	0.131105638352942	0.358142231598281
"c10_Memory B-IgAG:bCoV_RaTG13"	0.209522133750349	0.206767313096607	0.471023703534189
"c35_MAIT:bCoV_RaTG13"	0.288544025924454	0.0789398913683255	0.25405942049576
"c20_CD4_Th2 like-CCR4-GATA3:bCoV_RaTG13"	0.342283038287596	0.0354224906145453	0.160297868168865
"c29_CD8-GNLY-GZMH:bCoV_RaTG13"	0.336842331757104	0.0386458244206597	0.169701088615674
"c39_NK-CD3-GZMB-CX3CR1:bCoV_RaTG13"	0.385901811733884	0.0167154817390407	0.109151455776734
"c28_CD8-GNLY-GZMB-ZNF683:bCoV_RaTG13"	0.456229152206362	0.00399085160963699	0.0749119622452827
"c55_Mono-CD16-CIQ:bCoV_RaTG13"	0.0883570996927392	0.59784043739444	0.762621059090858
"c36_T-MT-PTPRC:bCoV_RaTG13"	-0.458347699979517	0.00380417570589644	0.0749119622452827
"c41_NK-CD3-GZMB-LAG3:bCoV_RaTG13"	0.430730853930167	0.00694297587404129	0.0863776979796311
"c31_CD8-MKI67:bCoV_RaTG13"	0.433556579809598	0.00654296686073916	0.0842312975175615
"c24_CD8_Tem-GZMK:bCoV_RaTG13"	0.307202389807073	0.0606395613549615	0.220507495836223
"c23_CD8_Tcm-GPR183:bCoV_RaTG13"	0.353666847984794	0.0293863930752215	0.14759085311322
"c66_Myeloid-CD3:bCoV_RaTG13"	0.2955256922501	0.0716459264990253	0.242427304165886
"c21_CD4_Th17 like-CCR6:bCoV_RaTG13"	0.269865755670646	0.101306084304065	0.303639940573012
"c33_CD4_CD8_T:bCoV_RaTG13"	0.37286536835579	0.0211353649571323	0.120160450517707
"c16_CD4_Treg-FOXP3:bCoV_RaTG13"	0.360172666440797	0.0263355777280473	0.137189986304246
"c52_Mono-CD14-CD16:bCoV_RaTG13"	0.167100439136881	0.315986662669762	0.564441885470707
"c46_NK-MKI67:bCoV_RaTG13"	0.21029704576902	0.205054801947259	0.470509876197788
"c37_NK-CD3-GZMK-TCF7:bCoV_RaTG13"	0.399959740713303	0.0128469638145244	0.100856825885644
"c11_B-IFNG:bCoV_RaTG13"	-0.0804391314614525	0.631174015566024	0.781106641893558
"c47_Mono-CD14-S100A:bCoV_RaTG13"	0.226073531356884	0.172315112515958	0.430506827542803
"c56_Mono-CD16-ISG15:bCoV_RaTG13"	-0.0254909434987691	0.879256269741828	0.940112397433606
"c13_B-CD3:bCoV_RaTG13"	0.0728001136737725	0.664029951690381	0.805756821119422
"c44_NK-NFKB:bCoV_RaTG13"	0.106063516211887	0.526230849854946	0.699974527122968
"c38_NK-CD3-GZMB-ZBTB16:bCoV_RaTG13"	0.126046217514083	0.450812979462303	0.656136938141042
"c54_Mono-CD16-CX3CR1:bCoV_RaTG13"	-0.0785099978712063	0.639408866616486	0.785238959002702
"c06_Naïve B-IGHV4:bCoV_RaTG13"	-0.186525193418346	0.262167010430822	0.525272006587693
"c08_Naïve B-MT:bCoV_RaTG13"	-0.461092283387183	0.00357366004911915	0.0749119622452827
"c57_Mono-CD16-RP:bCoV_RaTG13"	-0.00373952785965791	0.982223014234345	0.989289366854736
"c64_Mega:bCoV_RaTG13"	0.148130552239102	0.374785458584745	0.611003949948929
"c07_Naïve B-IGKV:bCoV_RaTG13"	0.0259768223621551	0.876972182215425	0.940112397433606
"c45_NK-GZMK:bCoV_RaTG13"	0.398727222006775	0.0131526204487169	0.100896608074607
"c53_Mono-CD16-CXCR4:bCoV_RaTG13"	-0.180397501335871	0.278444951772112	0.539809501573156
"c30_CD8-KLRB1-TIGIT:bCoV_RaTG13"	0.407910664369839	0.011016226933883	0.0985891458114294
"c67_Myeloid-NKG7:bCoV_RaTG13"	0.163329637668313	0.327185691907204	0.578906753453504
"c40_NK-CD3-GZMB-ZNF683:bCoV_RaTG13"	0.451852096234378	0.0044019002044154	0.0749119622452827
"c14_B-PPBP:bCoV_RaTG13"	0.0677585733550477	0.686062736630314	0.822687649920719
"c26_CD8-ZNF683-FOS:bCoV_RaTG13"	0.364905858170209	0.0242847330775664	0.131276367091986
"c48_Mono-CD14-VCAN:bCoV_RaTG13"	-0.288988230781452	0.0784592395622545	0.253240196857997
"c01_Plasma-MZB1-XBP1:bCoV_RaTG13"	-0.427000269640166	0.00750314992703927	0.0863776979796311
"c50_Mono-CD14-HLA:bCoV_RaTG13"	0.307843541147236	0.0600764855282526	0.219887790168768
"c32_CD4_CD8-MKI67:bCoV_RaTG13"	-0.199903793575026	0.228853813808008	0.497511630300983
"c65_Myeloid-MS4A1:bCoV_RaTG13"	0.106387111742646	0.524962333237264	0.699117494917641
"c70_Platelet/NK cells:bCoV_RaTG13"	0.354693529184141	0.0288864656462416	0.147058370562685
"c49_Mono-CD14-ISG15:bCoV_RaTG13"	0.231173584111598	0.162580651445144	0.418014429359754
"c62_pDC-GZMB:bCoV_RaTG13"	0.386093454204752	0.0166568111124074	0.109151455776734
"c51_Mono-CD14-CCL3:bCoV_RaTG13"	0.258395527178115	0.117259185752501	0.326692258812938
"c42_NK-CD3-MKI67:bCoV_RaTG13"	0.436532386705137	0.00614331900681197	0.0831901374384816
"c02_Plasma-CD3:bCoV_RaTG13"	-0.374014369840118	0.0207102256888339	0.118344146793337
"c63_Mast:bCoV_RaTG13"	0.19339755199796	0.244674843039607	0.501897113927399
"c04_Plasma-MKI67:bCoV_RaTG13"	-0.424294878227224	0.00793326055856341	0.0863776979796311
"c60_cDC2:bCoV_RaTG13"	0.363577066924289	0.0248466291245568	0.132515355330969
"c03_Plasma-IFNG:bCoV_RaTG13"	-0.429999655403046	0.00704984488933887	0.0863776979796311
"c12_B-MYADM:bCoV_RaTG13"	-0.116321349875569	0.486763183767444	0.672656687880176
"c58_Mono-CD16-MT:bCoV_RaTG13"	-0.445216170752032	0.00509504173430206	0.0761489467118821
"c59_cDC1:bCoV_RaTG13"	0.398012121868063	0.0133327660670016	0.100896608074607
"c61_cDC2/pDC:bCoV_RaTG13"	-0.149876894722934	0.369117335258029	0.605287577582712
